system:index,District,Soil_Moisture,Year,.geo
2_00000000000000000000,Ariyalur,0.24516523181245478,2026,"{""type"":""MultiPoint"",""coordinates"":[]}"
2_00000000000000000002,Chennai,0.1684407102572582,2026,"{""type"":""MultiPoint"",""coordinates"":[]}"
2_00000000000000000003,Coimbatore,0.2851703012249204,2026,"{""type"":""MultiPoint"",""coordinates"":[]}"
2_00000000000000000004,Cuddalore,0.21476853694997547,2026,"{""type"":""MultiPoint"",""coordinates"":[]}"
2_00000000000000000005,Dharmapuri,0.1764219200319347,2026,"{""type"":""MultiPoint"",""coordinates"":[]}"
2_00000000000000000006,Dindigul,0.21912703089117494,2026,"{""type"":""MultiPoint"",""coordinates"":[]}"
2_00000000000000000007,Erode,0.21319387574666304,2026,"{""type"":""MultiPoint"",""coordinates"":[]}"
2_00000000000000000009,Kanniyakumari,0.2470529725002912,2026,"{""type"":""MultiPoint"",""coordinates"":[]}"
2_0000000000000000000a,Karur,0.16399810422706262,2026,"{""type"":""MultiPoint"",""coordinates"":[]}"
2_0000000000000000000b,Madurai,0.22088369371979835,2026,"{""type"":""MultiPoint"",""coordinates"":[]}"
2_0000000000000000000c,The Nilgiris,0.3031521828311118,2026,"{""type"":""MultiPoint"",""coordinates"":[]}"
2_0000000000000000000d,Namakkal,0.17115166142293803,2026,"{""type"":""MultiPoint"",""coordinates"":[]}"
2_0000000000000000000e,Perambalur,0.20085294282939462,2026,"{""type"":""MultiPoint"",""coordinates"":[]}"
2_0000000000000000000f,Ramanathapuram,0.1452072280745709,2026,"{""type"":""MultiPoint"",""coordinates"":[]}"
2_00000000000000000011,Salem,0.1755499689597618,2026,"{""type"":""MultiPoint"",""coordinates"":[]}"
2_00000000000000000012,Sivaganga,0.17228528338203586,2026,"{""type"":""MultiPoint"",""coordinates"":[]}"
2_00000000000000000013,Theni,0.21846609049007545,2026,"{""type"":""MultiPoint"",""coordinates"":[]}"
2_00000000000000000015,Thiruvarur,0.19737063873632327,2026,"{""type"":""MultiPoint"",""coordinates"":[]}"
2_00000000000000000016,Tiruchirappalli,0.2185217438953072,2026,"{""type"":""MultiPoint"",""coordinates"":[]}"
2_00000000000000000017,Tirunelveli,0.18650021635749717,2026,"{""type"":""MultiPoint"",""coordinates"":[]}"
2_00000000000000000018,Tiruppur,0.20688155439430858,2026,"{""type"":""MultiPoint"",""coordinates"":[]}"
2_0000000000000000001a,Thiruvallur,0.18555155571346962,2026,"{""type"":""MultiPoint"",""coordinates"":[]}"
2_0000000000000000001b,Tiruvannamalai,0.17568689757493797,2026,"{""type"":""MultiPoint"",""coordinates"":[]}"
2_0000000000000000001d,Vellore,0.1854808447757549,2026,"{""type"":""MultiPoint"",""coordinates"":[]}"
2_0000000000000000001f,Virudhunagar,0.2580565405903666,2026,"{""type"":""MultiPoint"",""coordinates"":[]}"
2_00000000000000000020,Krishnagiri,0.195189962841586,2026,"{""type"":""MultiPoint"",""coordinates"":[]}"
2_00000000000000000021,Nagapattinam,0.15854224665096778,2026,"{""type"":""MultiPoint"",""coordinates"":[]}"
2_00000000000000000024,Thanjavur,0.18547560371673952,2026,"{""type"":""MultiPoint"",""coordinates"":[]}"
2_00000000000000000025,Pudukkottai,0.20686986517062764,2026,"{""type"":""MultiPoint"",""coordinates"":[]}"
2_00000000000000000001,Chengalpattu,0.16336668902817666,2026,"{""type"":""MultiPoint"",""coordinates"":[]}"
2_00000000000000000010,Ranipet,0.17241756821963,2026,"{""type"":""MultiPoint"",""coordinates"":[]}"
2_00000000000000000014,Tenkasi,0.2135922010675919,2026,"{""type"":""MultiPoint"",""coordinates"":[]}"
2_00000000000000000022,Mayiladuthurai,0.20754928031402387,2026,"{""type"":""MultiPoint"",""coordinates"":[]}"
2_0000000000000000001c,Tuticorin,0.180466631513295,2026,"{""type"":""MultiPoint"",""coordinates"":[]}"
2_0000000000000000001e,Villupuram,0.18127936425355198,2026,"{""type"":""MultiPoint"",""coordinates"":[]}"
2_00000000000000000023,Kanchipuram,0.17464363403341293,2026,"{""type"":""MultiPoint"",""coordinates"":[]}"
2_00000000000000000008,Kallakurichi,0.17759895040230164,2026,"{""type"":""MultiPoint"",""coordinates"":[]}"
2_00000000000000000019,Tirupathur,0.17592153266041505,2026,"{""type"":""MultiPoint"",""coordinates"":[]}"
