system:index,District,NDVI,Year,.geo
2_00000000000000000000,Ariyalur,0.5526405625326257,2026,"{""type"":""MultiPoint"",""coordinates"":[]}"
2_00000000000000000002,Chennai,0.351519863376358,2026,"{""type"":""MultiPoint"",""coordinates"":[]}"
2_00000000000000000003,Coimbatore,0.5631520441303031,2026,"{""type"":""MultiPoint"",""coordinates"":[]}"
2_00000000000000000004,Cuddalore,0.5396061667973565,2026,"{""type"":""MultiPoint"",""coordinates"":[]}"
2_00000000000000000005,Dharmapuri,0.5345722930286247,2026,"{""type"":""MultiPoint"",""coordinates"":[]}"
2_00000000000000000006,Dindigul,0.5788333150014008,2026,"{""type"":""MultiPoint"",""coordinates"":[]}"
2_00000000000000000007,Erode,0.5604298977317136,2026,"{""type"":""MultiPoint"",""coordinates"":[]}"
2_00000000000000000009,Kanniyakumari,0.7118264601164336,2026,"{""type"":""MultiPoint"",""coordinates"":[]}"
2_0000000000000000000a,Karur,0.4339902996801609,2026,"{""type"":""MultiPoint"",""coordinates"":[]}"
2_0000000000000000000b,Madurai,0.5218253557845124,2026,"{""type"":""MultiPoint"",""coordinates"":[]}"
2_0000000000000000000c,The Nilgiris,0.7042060501815838,2026,"{""type"":""MultiPoint"",""coordinates"":[]}"
2_0000000000000000000d,Namakkal,0.517107207493022,2026,"{""type"":""MultiPoint"",""coordinates"":[]}"
2_0000000000000000000e,Perambalur,0.47554266024960196,2026,"{""type"":""MultiPoint"",""coordinates"":[]}"
2_0000000000000000000f,Ramanathapuram,0.4419585648399753,2026,"{""type"":""MultiPoint"",""coordinates"":[]}"
2_00000000000000000011,Salem,0.5619094560189913,2026,"{""type"":""MultiPoint"",""coordinates"":[]}"
2_00000000000000000012,Sivaganga,0.4896648384229564,2026,"{""type"":""MultiPoint"",""coordinates"":[]}"
2_00000000000000000013,Theni,0.6087704468469982,2026,"{""type"":""MultiPoint"",""coordinates"":[]}"
2_00000000000000000015,Thiruvarur,0.5381785126808843,2026,"{""type"":""MultiPoint"",""coordinates"":[]}"
2_00000000000000000016,Tiruchirappalli,0.4995998500568025,2026,"{""type"":""MultiPoint"",""coordinates"":[]}"
2_00000000000000000017,Tirunelveli,0.5330886627400258,2026,"{""type"":""MultiPoint"",""coordinates"":[]}"
2_00000000000000000018,Tiruppur,0.4734091822772615,2026,"{""type"":""MultiPoint"",""coordinates"":[]}"
2_0000000000000000001a,Thiruvallur,0.48860767427986995,2026,"{""type"":""MultiPoint"",""coordinates"":[]}"
2_0000000000000000001b,Tiruvannamalai,0.5419990037632635,2026,"{""type"":""MultiPoint"",""coordinates"":[]}"
2_0000000000000000001d,Vellore,0.5722262933287692,2026,"{""type"":""MultiPoint"",""coordinates"":[]}"
2_0000000000000000001f,Virudhunagar,0.46878289689246155,2026,"{""type"":""MultiPoint"",""coordinates"":[]}"
2_00000000000000000020,Krishnagiri,0.5048288482343478,2026,"{""type"":""MultiPoint"",""coordinates"":[]}"
2_00000000000000000021,Nagapattinam,0.4882991909795449,2026,"{""type"":""MultiPoint"",""coordinates"":[]}"
2_00000000000000000024,Thanjavur,0.5842124762226377,2026,"{""type"":""MultiPoint"",""coordinates"":[]}"
2_00000000000000000025,Pudukkottai,0.5024031175094271,2026,"{""type"":""MultiPoint"",""coordinates"":[]}"
2_00000000000000000001,Chengalpattu,0.504118429473699,2026,"{""type"":""MultiPoint"",""coordinates"":[]}"
2_00000000000000000010,Ranipet,0.5122805578371465,2026,"{""type"":""MultiPoint"",""coordinates"":[]}"
2_00000000000000000014,Tenkasi,0.549556741292865,2026,"{""type"":""MultiPoint"",""coordinates"":[]}"
2_00000000000000000022,Mayiladuthurai,0.580000305026551,2026,"{""type"":""MultiPoint"",""coordinates"":[]}"
2_0000000000000000001c,Tuticorin,0.4315422561714798,2026,"{""type"":""MultiPoint"",""coordinates"":[]}"
2_0000000000000000001e,Villupuram,0.5424633551103669,2026,"{""type"":""MultiPoint"",""coordinates"":[]}"
2_00000000000000000023,Kanchipuram,0.4755519573437296,2026,"{""type"":""MultiPoint"",""coordinates"":[]}"
2_00000000000000000008,Kallakurichi,0.5597454813269458,2026,"{""type"":""MultiPoint"",""coordinates"":[]}"
2_00000000000000000019,Tirupathur,0.5698147184664739,2026,"{""type"":""MultiPoint"",""coordinates"":[]}"
