system:index,District,Soil_pH,.geo
00000000000000000000,Ariyalur,65.12647689881294,"{""type"":""MultiPoint"",""coordinates"":[]}"
00000000000000000002,Chennai,60.16958094343589,"{""type"":""MultiPoint"",""coordinates"":[]}"
00000000000000000003,Coimbatore,64.39547717645046,"{""type"":""MultiPoint"",""coordinates"":[]}"
00000000000000000004,Cuddalore,63.10862714590414,"{""type"":""MultiPoint"",""coordinates"":[]}"
00000000000000000005,Dharmapuri,65.15291570269339,"{""type"":""MultiPoint"",""coordinates"":[]}"
00000000000000000006,Dindigul,65.17400940064678,"{""type"":""MultiPoint"",""coordinates"":[]}"
00000000000000000007,Erode,66.8165330004805,"{""type"":""MultiPoint"",""coordinates"":[]}"
00000000000000000009,Kanniyakumari,54.696962680022274,"{""type"":""MultiPoint"",""coordinates"":[]}"
0000000000000000000a,Karur,73.06846883228992,"{""type"":""MultiPoint"",""coordinates"":[]}"
0000000000000000000b,Madurai,67.22181524510293,"{""type"":""MultiPoint"",""coordinates"":[]}"
0000000000000000000c,The Nilgiris,53.02464858381027,"{""type"":""MultiPoint"",""coordinates"":[]}"
0000000000000000000d,Namakkal,67.75847776331976,"{""type"":""MultiPoint"",""coordinates"":[]}"
0000000000000000000e,Perambalur,69.29183493927478,"{""type"":""MultiPoint"",""coordinates"":[]}"
0000000000000000000f,Ramanathapuram,69.13248544031066,"{""type"":""MultiPoint"",""coordinates"":[]}"
00000000000000000011,Salem,63.68020065912155,"{""type"":""MultiPoint"",""coordinates"":[]}"
00000000000000000012,Sivaganga,68.12374452416685,"{""type"":""MultiPoint"",""coordinates"":[]}"
00000000000000000013,Theni,61.978880791352,"{""type"":""MultiPoint"",""coordinates"":[]}"
00000000000000000015,Thiruvarur,62.53045078311774,"{""type"":""MultiPoint"",""coordinates"":[]}"
00000000000000000016,Tiruchirappalli,68.23733050632092,"{""type"":""MultiPoint"",""coordinates"":[]}"
00000000000000000017,Tirunelveli,65.88034928577328,"{""type"":""MultiPoint"",""coordinates"":[]}"
00000000000000000018,Tiruppur,72.34953834929071,"{""type"":""MultiPoint"",""coordinates"":[]}"
0000000000000000001a,Thiruvallur,63.21586121944618,"{""type"":""MultiPoint"",""coordinates"":[]}"
0000000000000000001b,Tiruvannamalai,63.69860687911182,"{""type"":""MultiPoint"",""coordinates"":[]}"
0000000000000000001d,Vellore,65.27573893770965,"{""type"":""MultiPoint"",""coordinates"":[]}"
0000000000000000001f,Virudhunagar,71.54183224326282,"{""type"":""MultiPoint"",""coordinates"":[]}"
00000000000000000020,Krishnagiri,64.8366831243311,"{""type"":""MultiPoint"",""coordinates"":[]}"
00000000000000000021,Nagapattinam,62.24747807820013,"{""type"":""MultiPoint"",""coordinates"":[]}"
00000000000000000024,Thanjavur,62.55564561364164,"{""type"":""MultiPoint"",""coordinates"":[]}"
00000000000000000025,Pudukkottai,65.49521909573329,"{""type"":""MultiPoint"",""coordinates"":[]}"
00000000000000000001,Chengalpattu,61.94218740143459,"{""type"":""MultiPoint"",""coordinates"":[]}"
00000000000000000010,Ranipet,64.41164507251942,"{""type"":""MultiPoint"",""coordinates"":[]}"
00000000000000000014,Tenkasi,65.85546065360013,"{""type"":""MultiPoint"",""coordinates"":[]}"
00000000000000000022,Mayiladuthurai,62.24566047506966,"{""type"":""MultiPoint"",""coordinates"":[]}"
0000000000000000001c,Tuticorin,71.20187047423786,"{""type"":""MultiPoint"",""coordinates"":[]}"
0000000000000000001e,Villupuram,64.45141588002994,"{""type"":""MultiPoint"",""coordinates"":[]}"
00000000000000000023,Kanchipuram,62.966516555140764,"{""type"":""MultiPoint"",""coordinates"":[]}"
00000000000000000008,Kallakurichi,63.99790890774267,"{""type"":""MultiPoint"",""coordinates"":[]}"
00000000000000000019,Tirupathur,64.40613654498618,"{""type"":""MultiPoint"",""coordinates"":[]}"
