system:index,District,Soil_Organic_Carbon,.geo
00000000000000000000,Ariyalur,2.016042253663466,"{""type"":""MultiPoint"",""coordinates"":[]}"
00000000000000000002,Chennai,3.0048243631437717,"{""type"":""MultiPoint"",""coordinates"":[]}"
00000000000000000003,Coimbatore,3.432058930420283,"{""type"":""MultiPoint"",""coordinates"":[]}"
00000000000000000004,Cuddalore,2.1097438056452735,"{""type"":""MultiPoint"",""coordinates"":[]}"
00000000000000000005,Dharmapuri,2.8229255151258865,"{""type"":""MultiPoint"",""coordinates"":[]}"
00000000000000000006,Dindigul,3.4257467803943413,"{""type"":""MultiPoint"",""coordinates"":[]}"
00000000000000000007,Erode,2.8040441920146253,"{""type"":""MultiPoint"",""coordinates"":[]}"
00000000000000000009,Kanniyakumari,5.207516625323451,"{""type"":""MultiPoint"",""coordinates"":[]}"
0000000000000000000a,Karur,2.038735010690178,"{""type"":""MultiPoint"",""coordinates"":[]}"
0000000000000000000b,Madurai,2.4931344885968376,"{""type"":""MultiPoint"",""coordinates"":[]}"
0000000000000000000c,The Nilgiris,7.4095976879571435,"{""type"":""MultiPoint"",""coordinates"":[]}"
0000000000000000000d,Namakkal,2.6639191055390987,"{""type"":""MultiPoint"",""coordinates"":[]}"
0000000000000000000e,Perambalur,2.2944396249862486,"{""type"":""MultiPoint"",""coordinates"":[]}"
0000000000000000000f,Ramanathapuram,2.162025769712997,"{""type"":""MultiPoint"",""coordinates"":[]}"
00000000000000000011,Salem,3.1461584127217135,"{""type"":""MultiPoint"",""coordinates"":[]}"
00000000000000000012,Sivaganga,2.0093957442219126,"{""type"":""MultiPoint"",""coordinates"":[]}"
00000000000000000013,Theni,3.683407865375043,"{""type"":""MultiPoint"",""coordinates"":[]}"
00000000000000000015,Thiruvarur,2.1994022653169925,"{""type"":""MultiPoint"",""coordinates"":[]}"
00000000000000000016,Tiruchirappalli,2.309837320093999,"{""type"":""MultiPoint"",""coordinates"":[]}"
00000000000000000017,Tirunelveli,3.179404481065214,"{""type"":""MultiPoint"",""coordinates"":[]}"
00000000000000000018,Tiruppur,2.3711440359547526,"{""type"":""MultiPoint"",""coordinates"":[]}"
0000000000000000001a,Thiruvallur,2.0921543893495134,"{""type"":""MultiPoint"",""coordinates"":[]}"
0000000000000000001b,Tiruvannamalai,2.491558880116313,"{""type"":""MultiPoint"",""coordinates"":[]}"
0000000000000000001d,Vellore,2.632641992836948,"{""type"":""MultiPoint"",""coordinates"":[]}"
0000000000000000001f,Virudhunagar,2.370704168459656,"{""type"":""MultiPoint"",""coordinates"":[]}"
00000000000000000020,Krishnagiri,2.5018977062038092,"{""type"":""MultiPoint"",""coordinates"":[]}"
00000000000000000021,Nagapattinam,2.4227269586520537,"{""type"":""MultiPoint"",""coordinates"":[]}"
00000000000000000024,Thanjavur,2.2276731934208973,"{""type"":""MultiPoint"",""coordinates"":[]}"
00000000000000000025,Pudukkottai,2.091620332492388,"{""type"":""MultiPoint"",""coordinates"":[]}"
00000000000000000001,Chengalpattu,2.8490525657628636,"{""type"":""MultiPoint"",""coordinates"":[]}"
00000000000000000010,Ranipet,1.94023921649422,"{""type"":""MultiPoint"",""coordinates"":[]}"
00000000000000000014,Tenkasi,2.7184397253669057,"{""type"":""MultiPoint"",""coordinates"":[]}"
00000000000000000022,Mayiladuthurai,2.2102333901610884,"{""type"":""MultiPoint"",""coordinates"":[]}"
0000000000000000001c,Tuticorin,2.4560618555549567,"{""type"":""MultiPoint"",""coordinates"":[]}"
0000000000000000001e,Villupuram,2.220466152154804,"{""type"":""MultiPoint"",""coordinates"":[]}"
00000000000000000023,Kanchipuram,2.437280629012983,"{""type"":""MultiPoint"",""coordinates"":[]}"
00000000000000000008,Kallakurichi,2.3731310444032574,"{""type"":""MultiPoint"",""coordinates"":[]}"
00000000000000000019,Tirupathur,3.1390302721251646,"{""type"":""MultiPoint"",""coordinates"":[]}"
