system:index,District,EVI,Year,.geo
2_00000000000000000000,Ariyalur,0.34221198915210704,2026,"{""type"":""MultiPoint"",""coordinates"":[]}"
2_00000000000000000002,Chennai,0.1938678135059955,2026,"{""type"":""MultiPoint"",""coordinates"":[]}"
2_00000000000000000003,Coimbatore,0.3321882278759765,2026,"{""type"":""MultiPoint"",""coordinates"":[]}"
2_00000000000000000004,Cuddalore,0.3335076602913114,2026,"{""type"":""MultiPoint"",""coordinates"":[]}"
2_00000000000000000005,Dharmapuri,0.3058393243654871,2026,"{""type"":""MultiPoint"",""coordinates"":[]}"
2_00000000000000000006,Dindigul,0.3316530444633387,2026,"{""type"":""MultiPoint"",""coordinates"":[]}"
2_00000000000000000007,Erode,0.33144111323802106,2026,"{""type"":""MultiPoint"",""coordinates"":[]}"
2_00000000000000000009,Kanniyakumari,0.4317442213787912,2026,"{""type"":""MultiPoint"",""coordinates"":[]}"
2_0000000000000000000a,Karur,0.2637652509398146,2026,"{""type"":""MultiPoint"",""coordinates"":[]}"
2_0000000000000000000b,Madurai,0.31675055016029097,2026,"{""type"":""MultiPoint"",""coordinates"":[]}"
2_0000000000000000000c,The Nilgiris,0.3739883250476604,2026,"{""type"":""MultiPoint"",""coordinates"":[]}"
2_0000000000000000000d,Namakkal,0.3032448232306515,2026,"{""type"":""MultiPoint"",""coordinates"":[]}"
2_0000000000000000000e,Perambalur,0.2832876288433249,2026,"{""type"":""MultiPoint"",""coordinates"":[]}"
2_0000000000000000000f,Ramanathapuram,0.27335233498041184,2026,"{""type"":""MultiPoint"",""coordinates"":[]}"
2_00000000000000000011,Salem,0.32526970611615935,2026,"{""type"":""MultiPoint"",""coordinates"":[]}"
2_00000000000000000012,Sivaganga,0.29967478145435134,2026,"{""type"":""MultiPoint"",""coordinates"":[]}"
2_00000000000000000013,Theni,0.36106161853769864,2026,"{""type"":""MultiPoint"",""coordinates"":[]}"
2_00000000000000000015,Thiruvarur,0.3327969457828913,2026,"{""type"":""MultiPoint"",""coordinates"":[]}"
2_00000000000000000016,Tiruchirappalli,0.30715493422556434,2026,"{""type"":""MultiPoint"",""coordinates"":[]}"
2_00000000000000000017,Tirunelveli,0.3257798479330301,2026,"{""type"":""MultiPoint"",""coordinates"":[]}"
2_00000000000000000018,Tiruppur,0.2749940321255142,2026,"{""type"":""MultiPoint"",""coordinates"":[]}"
2_0000000000000000001a,Thiruvallur,0.2896165021769488,2026,"{""type"":""MultiPoint"",""coordinates"":[]}"
2_0000000000000000001b,Tiruvannamalai,0.32388693260292145,2026,"{""type"":""MultiPoint"",""coordinates"":[]}"
2_0000000000000000001d,Vellore,0.32874181916512707,2026,"{""type"":""MultiPoint"",""coordinates"":[]}"
2_0000000000000000001f,Virudhunagar,0.28845121453269557,2026,"{""type"":""MultiPoint"",""coordinates"":[]}"
2_00000000000000000020,Krishnagiri,0.28977214396123685,2026,"{""type"":""MultiPoint"",""coordinates"":[]}"
2_00000000000000000021,Nagapattinam,0.3015109777175165,2026,"{""type"":""MultiPoint"",""coordinates"":[]}"
2_00000000000000000024,Thanjavur,0.364142459397442,2026,"{""type"":""MultiPoint"",""coordinates"":[]}"
2_00000000000000000025,Pudukkottai,0.3081892653873207,2026,"{""type"":""MultiPoint"",""coordinates"":[]}"
2_00000000000000000001,Chengalpattu,0.30070630493486045,2026,"{""type"":""MultiPoint"",""coordinates"":[]}"
2_00000000000000000010,Ranipet,0.31625698775983485,2026,"{""type"":""MultiPoint"",""coordinates"":[]}"
2_00000000000000000014,Tenkasi,0.34562021732586684,2026,"{""type"":""MultiPoint"",""coordinates"":[]}"
2_00000000000000000022,Mayiladuthurai,0.35340653689039603,2026,"{""type"":""MultiPoint"",""coordinates"":[]}"
2_0000000000000000001c,Tuticorin,0.2612223294428582,2026,"{""type"":""MultiPoint"",""coordinates"":[]}"
2_0000000000000000001e,Villupuram,0.33573700039533133,2026,"{""type"":""MultiPoint"",""coordinates"":[]}"
2_00000000000000000023,Kanchipuram,0.2842019103799286,2026,"{""type"":""MultiPoint"",""coordinates"":[]}"
2_00000000000000000008,Kallakurichi,0.3448516580049256,2026,"{""type"":""MultiPoint"",""coordinates"":[]}"
2_00000000000000000019,Tirupathur,0.3240510186644624,2026,"{""type"":""MultiPoint"",""coordinates"":[]}"
