system:index,District,Relative_Humidity_Percent,Year,.geo
2_00000000000000000000,Ariyalur,63.773832240507836,2026,"{""type"":""MultiPoint"",""coordinates"":[]}"
2_00000000000000000002,Chennai,67.81387967510183,2026,"{""type"":""MultiPoint"",""coordinates"":[]}"
2_00000000000000000003,Coimbatore,65.09610109469224,2026,"{""type"":""MultiPoint"",""coordinates"":[]}"
2_00000000000000000004,Cuddalore,65.97450545168999,2026,"{""type"":""MultiPoint"",""coordinates"":[]}"
2_00000000000000000005,Dharmapuri,56.34898558060618,2026,"{""type"":""MultiPoint"",""coordinates"":[]}"
2_00000000000000000006,Dindigul,61.131395178799465,2026,"{""type"":""MultiPoint"",""coordinates"":[]}"
2_00000000000000000007,Erode,60.24288474743762,2026,"{""type"":""MultiPoint"",""coordinates"":[]}"
2_00000000000000000009,Kanniyakumari,72.66144772253566,2026,"{""type"":""MultiPoint"",""coordinates"":[]}"
2_0000000000000000000a,Karur,55.99027407411113,2026,"{""type"":""MultiPoint"",""coordinates"":[]}"
2_0000000000000000000b,Madurai,57.093389690687225,2026,"{""type"":""MultiPoint"",""coordinates"":[]}"
2_0000000000000000000c,The Nilgiris,70.91526853354577,2026,"{""type"":""MultiPoint"",""coordinates"":[]}"
2_0000000000000000000d,Namakkal,58.3160934503555,2026,"{""type"":""MultiPoint"",""coordinates"":[]}"
2_0000000000000000000e,Perambalur,61.78688026406616,2026,"{""type"":""MultiPoint"",""coordinates"":[]}"
2_0000000000000000000f,Ramanathapuram,66.08972363989726,2026,"{""type"":""MultiPoint"",""coordinates"":[]}"
2_00000000000000000011,Salem,58.99338796074927,2026,"{""type"":""MultiPoint"",""coordinates"":[]}"
2_00000000000000000012,Sivaganga,63.059699179130334,2026,"{""type"":""MultiPoint"",""coordinates"":[]}"
2_00000000000000000013,Theni,62.72781840698885,2026,"{""type"":""MultiPoint"",""coordinates"":[]}"
2_00000000000000000015,Thiruvarur,69.53012224140912,2026,"{""type"":""MultiPoint"",""coordinates"":[]}"
2_00000000000000000016,Tiruchirappalli,59.30807723872292,2026,"{""type"":""MultiPoint"",""coordinates"":[]}"
2_00000000000000000017,Tirunelveli,66.82009098155574,2026,"{""type"":""MultiPoint"",""coordinates"":[]}"
2_00000000000000000018,Tiruppur,57.977006941386655,2026,"{""type"":""MultiPoint"",""coordinates"":[]}"
2_0000000000000000001a,Thiruvallur,63.30397395810876,2026,"{""type"":""MultiPoint"",""coordinates"":[]}"
2_0000000000000000001b,Tiruvannamalai,61.218738355176875,2026,"{""type"":""MultiPoint"",""coordinates"":[]}"
2_0000000000000000001d,Vellore,56.328546037402475,2026,"{""type"":""MultiPoint"",""coordinates"":[]}"
2_0000000000000000001f,Virudhunagar,58.08418288474459,2026,"{""type"":""MultiPoint"",""coordinates"":[]}"
2_00000000000000000020,Krishnagiri,56.374565531181204,2026,"{""type"":""MultiPoint"",""coordinates"":[]}"
2_00000000000000000021,Nagapattinam,73.40230350539782,2026,"{""type"":""MultiPoint"",""coordinates"":[]}"
2_00000000000000000024,Thanjavur,66.36053266197491,2026,"{""type"":""MultiPoint"",""coordinates"":[]}"
2_00000000000000000025,Pudukkottai,64.96696426826867,2026,"{""type"":""MultiPoint"",""coordinates"":[]}"
2_00000000000000000001,Chengalpattu,69.4484664095825,2026,"{""type"":""MultiPoint"",""coordinates"":[]}"
2_00000000000000000010,Ranipet,58.97787283860509,2026,"{""type"":""MultiPoint"",""coordinates"":[]}"
2_00000000000000000014,Tenkasi,63.112510936769176,2026,"{""type"":""MultiPoint"",""coordinates"":[]}"
2_00000000000000000022,Mayiladuthurai,69.88649564090113,2026,"{""type"":""MultiPoint"",""coordinates"":[]}"
2_0000000000000000001c,Tuticorin,62.73099637148656,2026,"{""type"":""MultiPoint"",""coordinates"":[]}"
2_0000000000000000001e,Villupuram,65.24147676600161,2026,"{""type"":""MultiPoint"",""coordinates"":[]}"
2_00000000000000000023,Kanchipuram,64.21879237909833,2026,"{""type"":""MultiPoint"",""coordinates"":[]}"
2_00000000000000000008,Kallakurichi,62.33930690738521,2026,"{""type"":""MultiPoint"",""coordinates"":[]}"
2_00000000000000000019,Tirupathur,58.39207877600742,2026,"{""type"":""MultiPoint"",""coordinates"":[]}"
