system:index,Avg_Temperature_C,District,Year,.geo
2_00000000000000000000,28.532772289240384,Ariyalur,2026,"{""type"":""MultiPoint"",""coordinates"":[]}"
2_00000000000000000002,28.52129626886781,Chennai,2026,"{""type"":""MultiPoint"",""coordinates"":[]}"
2_00000000000000000003,25.548097180840806,Coimbatore,2026,"{""type"":""MultiPoint"",""coordinates"":[]}"
2_00000000000000000004,28.375065114696046,Cuddalore,2026,"{""type"":""MultiPoint"",""coordinates"":[]}"
2_00000000000000000005,26.778109309858944,Dharmapuri,2026,"{""type"":""MultiPoint"",""coordinates"":[]}"
2_00000000000000000006,26.325521539949666,Dindigul,2026,"{""type"":""MultiPoint"",""coordinates"":[]}"
2_00000000000000000007,26.486789641080396,Erode,2026,"{""type"":""MultiPoint"",""coordinates"":[]}"
2_00000000000000000009,26.614887943758433,Kanniyakumari,2026,"{""type"":""MultiPoint"",""coordinates"":[]}"
2_0000000000000000000a,28.703532391327965,Karur,2026,"{""type"":""MultiPoint"",""coordinates"":[]}"
2_0000000000000000000b,28.414268353270817,Madurai,2026,"{""type"":""MultiPoint"",""coordinates"":[]}"
2_0000000000000000000c,20.53939885921414,The Nilgiris,2026,"{""type"":""MultiPoint"",""coordinates"":[]}"
2_0000000000000000000d,27.75101577704119,Namakkal,2026,"{""type"":""MultiPoint"",""coordinates"":[]}"
2_0000000000000000000e,28.087634562024558,Perambalur,2026,"{""type"":""MultiPoint"",""coordinates"":[]}"
2_0000000000000000000f,28.7602916079108,Ramanathapuram,2026,"{""type"":""MultiPoint"",""coordinates"":[]}"
2_00000000000000000011,27.096630587843247,Salem,2026,"{""type"":""MultiPoint"",""coordinates"":[]}"
2_00000000000000000012,28.62736568993915,Sivaganga,2026,"{""type"":""MultiPoint"",""coordinates"":[]}"
2_00000000000000000013,25.21745544538329,Theni,2026,"{""type"":""MultiPoint"",""coordinates"":[]}"
2_00000000000000000015,28.27896060381786,Thiruvarur,2026,"{""type"":""MultiPoint"",""coordinates"":[]}"
2_00000000000000000016,28.386954737110162,Tiruchirappalli,2026,"{""type"":""MultiPoint"",""coordinates"":[]}"
2_00000000000000000017,27.383738635609923,Tirunelveli,2026,"{""type"":""MultiPoint"",""coordinates"":[]}"
2_00000000000000000018,27.137232956498288,Tiruppur,2026,"{""type"":""MultiPoint"",""coordinates"":[]}"
2_0000000000000000001a,28.58780095355053,Thiruvallur,2026,"{""type"":""MultiPoint"",""coordinates"":[]}"
2_0000000000000000001b,27.709776264166667,Tiruvannamalai,2026,"{""type"":""MultiPoint"",""coordinates"":[]}"
2_0000000000000000001d,27.324408246116572,Vellore,2026,"{""type"":""MultiPoint"",""coordinates"":[]}"
2_0000000000000000001f,28.779408447488464,Virudhunagar,2026,"{""type"":""MultiPoint"",""coordinates"":[]}"
2_00000000000000000020,25.68907549530864,Krishnagiri,2026,"{""type"":""MultiPoint"",""coordinates"":[]}"
2_00000000000000000021,28.165385469337135,Nagapattinam,2026,"{""type"":""MultiPoint"",""coordinates"":[]}"
2_00000000000000000024,28.41267926176325,Thanjavur,2026,"{""type"":""MultiPoint"",""coordinates"":[]}"
2_00000000000000000025,28.291645708923294,Pudukkottai,2026,"{""type"":""MultiPoint"",""coordinates"":[]}"
2_00000000000000000001,28.23595107580181,Chengalpattu,2026,"{""type"":""MultiPoint"",""coordinates"":[]}"
2_00000000000000000010,28.502636311914763,Ranipet,2026,"{""type"":""MultiPoint"",""coordinates"":[]}"
2_00000000000000000014,27.309998362340945,Tenkasi,2026,"{""type"":""MultiPoint"",""coordinates"":[]}"
2_00000000000000000022,28.30428342906759,Mayiladuthurai,2026,"{""type"":""MultiPoint"",""coordinates"":[]}"
2_0000000000000000001c,28.8324917896117,Tuticorin,2026,"{""type"":""MultiPoint"",""coordinates"":[]}"
2_0000000000000000001e,28.276808618360064,Villupuram,2026,"{""type"":""MultiPoint"",""coordinates"":[]}"
2_00000000000000000023,28.48213458678466,Kanchipuram,2026,"{""type"":""MultiPoint"",""coordinates"":[]}"
2_00000000000000000008,27.816294259449133,Kallakurichi,2026,"{""type"":""MultiPoint"",""coordinates"":[]}"
2_00000000000000000019,26.42722542657853,Tirupathur,2026,"{""type"":""MultiPoint"",""coordinates"":[]}"
