system:index,District,Solar_Radiation_MJ,Year,.geo
2_00000000000000000000,Ariyalur,625.7831182953493,2026,"{""type"":""MultiPoint"",""coordinates"":[]}"
2_00000000000000000002,Chennai,239.49241246031397,2026,"{""type"":""MultiPoint"",""coordinates"":[]}"
2_00000000000000000003,Coimbatore,610.6851404128048,2026,"{""type"":""MultiPoint"",""coordinates"":[]}"
2_00000000000000000004,Cuddalore,624.568312452238,2026,"{""type"":""MultiPoint"",""coordinates"":[]}"
2_00000000000000000005,Dharmapuri,648.6545652375587,2026,"{""type"":""MultiPoint"",""coordinates"":[]}"
2_00000000000000000006,Dindigul,640.1035047194019,2026,"{""type"":""MultiPoint"",""coordinates"":[]}"
2_00000000000000000007,Erode,636.9139622857144,2026,"{""type"":""MultiPoint"",""coordinates"":[]}"
2_00000000000000000009,Kanniyakumari,594.3227350551099,2026,"{""type"":""MultiPoint"",""coordinates"":[]}"
2_0000000000000000000a,Karur,653.024304325523,2026,"{""type"":""MultiPoint"",""coordinates"":[]}"
2_0000000000000000000b,Madurai,637.1166279313703,2026,"{""type"":""MultiPoint"",""coordinates"":[]}"
2_0000000000000000000c,The Nilgiris,613.3067172858661,2026,"{""type"":""MultiPoint"",""coordinates"":[]}"
2_0000000000000000000d,Namakkal,650.9858586036993,2026,"{""type"":""MultiPoint"",""coordinates"":[]}"
2_0000000000000000000e,Perambalur,636.9865106924613,2026,"{""type"":""MultiPoint"",""coordinates"":[]}"
2_0000000000000000000f,Ramanathapuram,598.397544226739,2026,"{""type"":""MultiPoint"",""coordinates"":[]}"
2_00000000000000000011,Salem,644.8082886432746,2026,"{""type"":""MultiPoint"",""coordinates"":[]}"
2_00000000000000000012,Sivaganga,630.8788967315438,2026,"{""type"":""MultiPoint"",""coordinates"":[]}"
2_00000000000000000013,Theni,627.72426409081,2026,"{""type"":""MultiPoint"",""coordinates"":[]}"
2_00000000000000000015,Thiruvarur,618.7010427559712,2026,"{""type"":""MultiPoint"",""coordinates"":[]}"
2_00000000000000000016,Tiruchirappalli,642.0121314271338,2026,"{""type"":""MultiPoint"",""coordinates"":[]}"
2_00000000000000000017,Tirunelveli,631.1856467142371,2026,"{""type"":""MultiPoint"",""coordinates"":[]}"
2_00000000000000000018,Tiruppur,637.9337762540079,2026,"{""type"":""MultiPoint"",""coordinates"":[]}"
2_0000000000000000001a,Thiruvallur,606.8692042845095,2026,"{""type"":""MultiPoint"",""coordinates"":[]}"
2_0000000000000000001b,Tiruvannamalai,637.4090557003008,2026,"{""type"":""MultiPoint"",""coordinates"":[]}"
2_0000000000000000001d,Vellore,644.297767834917,2026,"{""type"":""MultiPoint"",""coordinates"":[]}"
2_0000000000000000001f,Virudhunagar,640.544568035298,2026,"{""type"":""MultiPoint"",""coordinates"":[]}"
2_00000000000000000020,Krishnagiri,648.3102633794955,2026,"{""type"":""MultiPoint"",""coordinates"":[]}"
2_00000000000000000021,Nagapattinam,613.5338162183839,2026,"{""type"":""MultiPoint"",""coordinates"":[]}"
2_00000000000000000024,Thanjavur,617.9253486007182,2026,"{""type"":""MultiPoint"",""coordinates"":[]}"
2_00000000000000000025,Pudukkottai,629.6296872911239,2026,"{""type"":""MultiPoint"",""coordinates"":[]}"
2_00000000000000000001,Chengalpattu,574.876126685051,2026,"{""type"":""MultiPoint"",""coordinates"":[]}"
2_00000000000000000010,Ranipet,636.493864143916,2026,"{""type"":""MultiPoint"",""coordinates"":[]}"
2_00000000000000000014,Tenkasi,628.8113690415784,2026,"{""type"":""MultiPoint"",""coordinates"":[]}"
2_00000000000000000022,Mayiladuthurai,605.8208309334934,2026,"{""type"":""MultiPoint"",""coordinates"":[]}"
2_0000000000000000001c,Tuticorin,628.7496347563848,2026,"{""type"":""MultiPoint"",""coordinates"":[]}"
2_0000000000000000001e,Villupuram,633.1394810035185,2026,"{""type"":""MultiPoint"",""coordinates"":[]}"
2_00000000000000000023,Kanchipuram,614.7111287843012,2026,"{""type"":""MultiPoint"",""coordinates"":[]}"
2_00000000000000000008,Kallakurichi,637.6748761216181,2026,"{""type"":""MultiPoint"",""coordinates"":[]}"
2_00000000000000000019,Tirupathur,648.7760617260659,2026,"{""type"":""MultiPoint"",""coordinates"":[]}"
