District,Year,Rainfall_mm,Avg_Temperature_C,Max_Temperature_C,Min_Temperature_C,Relative_Humidity_Percent,NDVI,EVI,LST_C,Soil_Moisture,Evapotranspiration_mm,Solar_Radiation_MJ,Soil_Organic_Carbon,Soil_pH
Ariyalur,2015,1547.3745097290357,27.96539277612975,35.4007722364139,21.809697596433235,67.90302039943802,0.4951865318704702,0.3141480148843855,35.800893554372074,0.3090215285171367,12.980377223464137,560.2191819465453,2.016042253663466,65.12647689881294
Ariyalur,2016,891.9788517520893,28.610632555227596,36.48731213905636,21.91156892124117,64.04190416904484,0.4849719876183057,0.3132105785565058,36.20142536195007,0.2626945145077483,10.677714968895003,592.4530027272981,2.016042253663466,65.12647689881294
Ariyalur,2017,1265.44505754521,28.10452450518066,35.899501304179005,22.16876792771963,67.40826065017977,0.4975106623587731,0.3226118995354977,36.19694554332017,0.3074930614797662,12.017411200763016,562.3638878104056,2.016042253663466,65.12647689881294
Ariyalur,2018,1061.315243290255,28.060322500843032,36.027080991068,21.59988264438586,65.61180038573417,0.4806685475448559,0.3093953159003372,36.00621977800873,0.2769351453608571,10.552461060991416,583.139919710199,2.016042253663466,65.12647689881294
Ariyalur,2019,1201.390994836133,28.522503069201026,36.26215077052402,22.473227259348224,65.6539540819787,0.4727684126705896,0.3067019623235175,36.37199056157858,0.288482954498819,11.145500027713975,576.3137321715691,2.016042253663466,65.12647689881294
Ariyalur,2020,1258.3959023043792,28.0622562925348,35.507562685496765,21.886512409822124,68.17550714146256,0.5150044157469518,0.329722880378429,35.41298234713087,0.302150684148855,13.674199164702596,563.5920912027303,2.016042253663466,65.12647689881294
Ariyalur,2021,1748.0114380899022,27.7882827290689,35.48214789747927,21.827796910040732,68.5368774917287,0.5112357980758807,0.3269265119198237,34.687686654321425,0.3189277529548387,13.619283687813518,554.8635468241399,2.016042253663466,65.12647689881294
Ariyalur,2022,1243.36774751048,27.6043716136077,35.28028256486839,21.53771577274219,70.18523327634954,0.5223678304551319,0.3392616675555711,34.214475135106895,0.3187626124909888,14.3646933584452,562.9529239656424,2.016042253663466,65.12647689881294
Ariyalur,2023,1388.2656849105156,28.0043831732512,35.75458022977772,21.733214596343256,68.96244402642544,0.5291608684601393,0.3439189844483038,34.368707492118,0.308166497941744,12.859482262867914,567.6965008757641,2.016042253663466,65.12647689881294
Chengalpattu,2015,1720.0640610741448,27.82567828211113,33.764751400457385,22.830311095256576,72.64921537565831,0.4771434529130948,0.2977343185154315,34.71191348335678,0.2175006686526214,13.578036872497789,518.456188758616,2.849052565762864,61.94218740143459
Chengalpattu,2016,725.8760961638787,28.10226994074995,34.17877669646363,22.49945981054417,71.00413949139335,0.4964614280324425,0.3116796631745355,33.92745452597556,0.1924991549651695,12.277555066996676,540.4740222680223,2.849052565762864,61.94218740143459
Chengalpattu,2017,1399.2410768593406,27.941121721856547,34.219941817983816,22.98407804562421,72.75129710746776,0.4826754649895711,0.3060112778261006,34.49942993161718,0.22062197630743,13.043117969007843,523.7182680319905,2.849052565762864,61.94218740143459
Chengalpattu,2018,1072.1846198131325,27.80867932796275,34.010078480087735,22.497132306678296,71.20437187614525,0.4847311171600649,0.3079906883259822,33.94280390720914,0.1890854208678536,11.831674505486143,532.5001112834597,2.849052565762864,61.94218740143459
Chengalpattu,2019,1096.3795685838634,28.06127917578805,34.179690741502384,23.313114097135745,72.80833329200443,0.469206575064552,0.2954859571784912,34.989958237925244,0.2105192603373755,12.311603449878165,527.8911067276761,2.849052565762864,61.94218740143459
Chengalpattu,2020,1654.4912974271465,27.702496760039995,33.359635437067205,22.71285262083093,74.55117872027819,0.5178873114967645,0.3211570183295408,33.615257654109065,0.2335482209975393,14.62718612423049,516.9551550069225,2.849052565762864,61.94218740143459
Chengalpattu,2021,1837.857846064364,27.5863504050221,33.78285056814352,22.670265769364327,74.17756960040886,0.5085406350639193,0.3081174967159163,33.20095694533941,0.237130203474763,15.964333914953963,515.1412829607625,2.849052565762864,61.94218740143459
Chengalpattu,2022,1386.0426144146454,27.574523267658897,33.6663940126651,22.40888056849148,74.2073480301899,0.5025197295149867,0.3106478994545915,32.67991128700214,0.2280018043342346,15.654230353739973,519.378899789861,2.849052565762864,61.94218740143459
Chengalpattu,2023,1369.1803345470237,27.950444316329524,33.99828119307666,22.48562197244554,73.27434853266786,0.5233728119646431,0.3195566864634023,32.40725218765069,0.2155623623359125,14.92115315271589,528.4252246759612,2.849052565762864,61.94218740143459
Chennai,2015,2125.005010170151,27.99392777703669,34.1211285465719,22.747634823144896,71.3937440866096,0.361570044559054,0.2073943599755908,35.10356092479211,0.2297149315189973,12.389819463111005,214.18626696295613,3.004824363143772,60.16958094343589
Chennai,2016,869.6423359427602,28.028654928803377,34.2996545743019,22.227682887086104,71.1955578437243,0.3664853736018118,0.2137437437813598,34.99441113677052,0.2162554813960703,10.382658582472338,222.67258771140607,3.004824363143772,60.16958094343589
Chennai,2017,1630.6155165759335,28.103678252604663,34.534093992523005,22.95936448527892,71.69272681128723,0.3352609566779878,0.1923051134438206,35.532245428176594,0.2330965382845007,11.071297596944849,217.3165722860913,3.004824363143772,60.16958094343589
Chennai,2018,1280.431802181775,27.902275119216032,34.17781589675266,22.2562163093404,70.55200539636662,0.3465760755700172,0.2058372130667839,35.43499534385738,0.2044909305963876,9.733731697158053,220.46163065389783,3.004824363143772,60.16958094343589
Chennai,2019,1209.4150113080225,28.102203898015745,34.308289901780064,23.291294235556173,72.63143165053276,0.3367596938146652,0.1975127958613207,35.60202718651144,0.2269669854782009,11.20375348434848,217.69988991843508,3.004824363143772,60.16958094343589
Chennai,2020,1872.7625273274912,27.82108181422612,33.71637486449079,22.63374931109913,73.75248860810764,0.3767615352777674,0.2239774738338417,35.05685333725858,0.2418817840452889,13.43305697440229,213.4979203531623,3.004824363143772,60.16958094343589
Chennai,2021,1953.5336393859527,27.669338323389308,33.93963325337171,22.64182584958949,73.90791603428127,0.3807373646322285,0.2207110384127479,34.78914376376744,0.2508419264569809,14.742903817648635,213.5748604422699,3.004824363143772,60.16958094343589
Chennai,2022,1662.672898174687,27.715296529334854,33.8604317971326,22.345952069577116,73.49832222484896,0.3607085048162453,0.2131657229404742,34.21465009869296,0.2411533056340492,13.606619039508674,215.2038565091135,3.004824363143772,60.16958094343589
Chennai,2023,1885.4229757089,28.07485374378706,34.10268776725435,22.517756312970143,72.61796323061242,0.3683475670019753,0.2153114292840308,34.17281221230986,0.228416534601543,12.33556337256264,219.5154492365859,3.004824363143772,60.16958094343589
Coimbatore,2015,1144.5837559585698,24.53971439430386,31.495006445464384,19.169064868091965,73.10236424641498,0.5657080963500607,0.3573209131826419,32.09578367832957,0.3569582635536719,19.982174566740877,559.6399860943741,3.432058930420283,64.39547717645046
Coimbatore,2016,644.697571268945,25.31157635524953,32.58882381942606,19.64864653157689,67.89432761905572,0.5165370902136545,0.3215313366541109,33.58639913492599,0.3068361996802766,17.67972222449708,583.1182836846295,3.432058930420283,64.39547717645046
Coimbatore,2017,1058.3744720342022,24.93262798486795,32.32889651751285,19.47640533221883,69.59678681113992,0.5244444139677602,0.3198879963809884,33.22950358758456,0.3358057414740682,18.598732665682583,551.5963957016347,3.432058930420283,64.39547717645046
Coimbatore,2018,1140.4794622557365,24.76725512101057,32.10672820810027,19.020675858077038,69.07107449731429,0.5393688677285235,0.3341874718571537,32.39668992115788,0.3366994630701597,18.46037084979335,567.0468033943578,3.432058930420283,64.39547717645046
Coimbatore,2019,1059.5420706888613,25.099912757313792,32.310524546536946,19.83329745373644,69.18347925310579,0.5264709851541414,0.321864872225289,33.08941782109598,0.3354174076648852,17.960355250279324,551.3227067985316,3.432058930420283,64.39547717645046
Coimbatore,2020,1048.4855131439656,24.82466334828516,31.88096306946596,19.406855453651275,71.44833334555358,0.5675382646194601,0.3474498387966057,32.46954735131235,0.3369191208559123,21.000546086042657,549.5808791436708,3.432058930420283,64.39547717645046
Coimbatore,2021,1453.205175060064,24.249444441340152,31.26212637876728,18.80442857656241,73.84669483839619,0.5574488630841903,0.3473857398126251,31.839432040364063,0.3683483892484421,20.663362834543367,532.872031709116,3.432058930420283,64.39547717645046
Coimbatore,2022,1248.004519838143,24.31483824021756,31.44126098752331,18.874913224171888,73.72140276796102,0.5709941632738539,0.3529279065169006,30.731674392450063,0.3525972885448676,21.150252692155128,545.3500868870168,3.432058930420283,64.39547717645046
Coimbatore,2023,1019.6585711399606,24.99119655084676,32.30220523520655,19.266562358367096,68.61615716355664,0.5570358731663962,0.3468180951071391,31.809426612633047,0.3386371347422455,18.896465129906137,569.6091137691438,3.432058930420283,64.39547717645046
Cuddalore,2015,1639.919645687147,27.900100206667343,34.76557973316303,21.95832388713907,69.41419050593439,0.5103399245762416,0.3244073319470996,34.67165459857135,0.2710561554153745,13.716527569992463,562.2543495968623,2.109743805645273,63.10862714590414
Cuddalore,2016,844.1315822141686,28.396032903611296,35.786644210459194,21.87414313006697,66.6053656903045,0.5058000427869989,0.3239324739386602,35.254066587688605,0.2333536785819195,11.510810474636928,590.9563884369173,2.109743805645273,63.10862714590414
Cuddalore,2017,1397.3865576789626,28.011410836401893,35.30272135018423,22.3156305558358,69.3362766869538,0.4995132643889716,0.3225972349923959,35.67805093010395,0.277038462934185,12.64671916037455,563.0661855869371,2.109743805645273,63.10862714590414
Cuddalore,2018,1181.9912306610108,27.97211355243917,35.50972630937256,21.7564313956475,67.39330465098651,0.4900009196616718,0.3170781279338442,34.912431532767776,0.2402210520932847,11.366755016207303,582.4283446643278,2.109743805645273,63.10862714590414
Cuddalore,2019,1225.190046449408,28.3686409112948,35.529120695244565,22.563019642666088,67.8486456534083,0.4888411609516087,0.3185780171485245,35.135082616685786,0.2565929010996263,11.949799803961122,577.5549870495591,2.109743805645273,63.10862714590414
Cuddalore,2020,1398.4332048841611,27.802687244734607,34.45989848432065,21.91745979938619,71.16511899353978,0.5223448191825463,0.3318013717195195,34.55398535325008,0.2754197821329298,14.207420846720282,562.276589401291,2.109743805645273,63.10862714590414
Cuddalore,2021,1961.3118428162493,27.684261786144575,34.83417935659517,21.949324120637133,70.41887203582164,0.5268489201504025,0.3340603369601487,34.207206475466904,0.285764670786988,14.449815268700185,552.9435861102919,2.109743805645273,63.10862714590414
Cuddalore,2022,1301.6699942973958,27.558429231046727,34.73173971642053,21.587814609294448,71.73833352180752,0.5280723956616454,0.3401186554842709,33.402396651567464,0.2835303674340904,14.91474937768444,562.4937910526772,2.109743805645273,63.10862714590414
Cuddalore,2023,1457.0374724039143,27.910895898705174,35.015356632524835,21.755802755524023,70.75118857839985,0.5339730623033909,0.342979209886702,33.68437244758095,0.2729902455063585,13.670909718918228,568.7482425914142,2.109743805645273,63.10862714590414
Dharmapuri,2015,1216.8256679212814,25.579326279414083,33.09542510202169,19.281534645838867,66.1082965872391,0.5453485234586873,0.3321466195862977,33.59875783051934,0.2559114751530461,14.193462922574325,582.8875720611445,2.8229255151258865,65.15291570269339
Dharmapuri,2016,805.3791539415403,26.44183386976515,34.40157412063587,19.646135458133184,59.33161551426146,0.5085336613297771,0.3050035218703234,34.985290654638945,0.2034059620615115,11.81281680306754,605.3459049205013,2.8229255151258865,65.15291570269339
Dharmapuri,2017,1342.17198799093,25.93196275305209,33.626203222374,19.542481005801083,63.30045810901228,0.522899438682333,0.3105971981784635,34.42845810731876,0.2433994232836416,13.084422310788645,578.0486849082854,2.8229255151258865,65.15291570269339
Dharmapuri,2018,1114.0620002250964,25.8679100610491,33.84580981299007,18.798850350054312,61.42311583843431,0.5011085167143469,0.3000650216067022,34.00774342752396,0.2186090342836413,11.55921240022593,593.2870957332299,2.8229255151258865,65.15291570269339
Dharmapuri,2019,1131.7406252912851,26.3277040861377,33.84502742630171,19.990245114123336,61.452455785557056,0.4819348490753511,0.2922229570633738,35.241692946295224,0.2341176719478553,12.091125667179744,575.7686066535329,2.8229255151258865,65.15291570269339
Dharmapuri,2020,1164.8206204040323,25.79061237050323,33.082321571300945,19.509767403639284,65.42654032790551,0.560159581441808,0.3387038896279988,33.683019608927715,0.2463054951359013,16.483602422713773,572.1472016299347,2.8229255151258865,65.15291570269339
Dharmapuri,2021,1581.9306717208435,25.38849366198253,33.086793580825166,19.22050362056008,66.40121477219965,0.5580816346790244,0.3515243413477827,32.981082868699524,0.2643686936610409,16.666736300848104,554.1610541250635,2.8229255151258865,65.15291570269339
Dharmapuri,2022,1333.7436531784576,25.085186515451525,32.55854897716909,18.660232215852897,68.33844649431846,0.5928172548858225,0.3649416522192678,31.338851578258907,0.2666704395257475,17.978665782837613,568.801946164652,2.8229255151258865,65.15291570269339
Dharmapuri,2023,1280.6709209270998,25.75787562639109,33.24455544856921,19.20409270827452,64.43190916465906,0.5843179902787793,0.3550231136256597,31.989204950250773,0.2430879060762814,15.497240258748484,593.734884913848,2.8229255151258865,65.15291570269339
Dindigul,2015,1481.6172880265476,25.33686930673418,32.49344658925394,19.409238433273565,69.45816404543818,0.548798667761727,0.3324791873439078,33.434100354278364,0.302946213234626,16.423829854423655,575.6306894428014,3.4257467803943413,65.17400940064678
Dindigul,2016,764.3398874105484,26.406910350852343,34.12340811322213,19.91865104188662,61.87891102957688,0.5198128019740273,0.3148480947945807,34.49192559210717,0.2344803306781184,14.021390604468255,605.4274969241179,3.4257467803943413,65.17400940064678
Dindigul,2017,1286.3867186277505,25.85338147434965,33.26758539396711,19.85817833467597,65.16173521245992,0.5274279758363644,0.3179163571845727,34.20645213419137,0.2781805399779141,14.549940257124684,574.4088551192307,3.4257467803943413,65.17400940064678
Dindigul,2018,1320.403686792522,25.61495717652821,33.216481468193614,19.46624556259349,65.12339811054348,0.5355435171864884,0.329080999921048,33.693678235349466,0.2743377587264728,14.813811691739655,588.4205919693857,3.4257467803943413,65.17400940064678
Dindigul,2019,1352.9570740330091,26.084175805426806,33.47919592222467,20.19206756250285,64.69407867569386,0.5043222660120187,0.3143392833379924,34.83404711110484,0.2709402557696275,13.909761469958337,572.5546165621577,3.4257467803943413,65.17400940064678
Dindigul,2020,1363.0291177804636,25.85669337004559,33.12404722239064,19.72928365453764,66.43949365175301,0.5534541474398553,0.3382556971698993,33.84445845473036,0.2748465338691272,17.00987762618915,567.8839414414628,3.4257467803943413,65.17400940064678
Dindigul,2021,1749.733951486296,25.140260714526168,32.41152959579004,19.110091748319466,69.78868018792171,0.559716604116541,0.3475376790846472,32.59398055820285,0.3031149908838187,17.162255398392084,555.4640339199503,3.4257467803943413,65.17400940064678
Dindigul,2022,1489.2705729597012,25.202695737733222,32.63347622962262,19.31977156054513,69.27008586960062,0.5809299692163182,0.3564108130570517,31.613740286628293,0.2926887241275917,18.29518757189904,564.9796965958116,3.4257467803943413,65.17400940064678
Dindigul,2023,1213.585565393278,25.642561275456146,33.05360671009618,19.622702327634453,67.05325690176473,0.5894849751314941,0.359664168389901,31.813595013628817,0.2907092055564634,16.269176465048197,573.0845844403664,3.4257467803943413,65.17400940064678
Erode,2015,1125.2926731603943,25.36506310089632,32.56946744932379,19.38123195740753,69.41317105322533,0.5559926297121373,0.3536585098977999,32.95515428620303,0.30194021675893,15.73042943589046,576.9959392097109,2.8040441920146253,66.8165330004805
Erode,2016,550.1123552168787,26.383653791425942,34.20762661306795,19.826060821981454,61.72492141042397,0.494514459828417,0.301236999265544,35.17512418531266,0.2393936153703582,12.24945737168283,599.9328413285953,2.8040441920146253,66.8165330004805
Erode,2017,1021.3919853328728,25.87035862227609,33.240194771572284,19.736891366644663,65.30862098170694,0.4939963772226304,0.3020273639701186,34.88323888600021,0.2869594983938194,13.982511983468276,569.6844986732724,2.8040441920146253,66.8165330004805
Erode,2018,984.5517928875242,25.603778152869754,33.11054389040202,19.093681151320947,65.34943513115417,0.5252808121244058,0.3299841265708444,33.37183826998082,0.2803823984079443,14.085395800727536,584.0382070809807,2.8040441920146253,66.8165330004805
Erode,2019,993.250608706903,25.969383731723426,33.25543624224597,19.958401892901698,65.29481885817056,0.5205575922732137,0.3263298322183763,33.836492335927005,0.2862078668459876,14.25394559712131,568.6141220231771,2.8040441920146253,66.8165330004805
Erode,2020,873.2320512319866,25.695667698161213,32.6483412307051,19.646906693445896,67.71239009932754,0.5656488783311859,0.3551283879118032,33.107200116123444,0.2865651150846598,18.27393977582277,565.939636910782,2.8040441920146253,66.8165330004805
Erode,2021,1413.5893475022006,25.19365701520317,32.712191275478204,19.189147714768172,70.05842840943896,0.5487216664028726,0.3487550516373703,33.04269047159071,0.3093570240702858,16.786244109560837,548.7074429079255,2.8040441920146253,66.8165330004805
Erode,2022,1122.7008489725054,25.20909710991536,32.73954443289591,18.9562425075126,69.70337289114262,0.5799158275237284,0.3636800549492039,31.31649375705746,0.2960206415907224,18.761688675300935,564.306827293341,2.8040441920146253,66.8165330004805
Erode,2023,979.3535886348402,25.864617040592076,33.28805710770734,19.44218153158409,65.41486152374227,0.5675424272092146,0.3576767270777026,32.32630588738494,0.2780869635819157,15.308194264566213,587.2642826137001,2.8040441920146253,66.8165330004805
Kallakurichi,2015,1466.1058723579183,27.074137329787916,34.49253547407404,20.78332247399257,68.13667812114643,0.5423183470187999,0.3469387934490774,34.630381297019326,0.2565055394986942,13.740791069673149,569.0075809195873,2.3731310444032574,63.99790890774267
Kallakurichi,2016,864.6251771898618,27.677529489668316,35.57741115369355,20.5799657989288,63.97528924625568,0.5280439430320036,0.333218455640645,35.397472645551225,0.2154365786235659,11.447634401671268,600.5530589894757,2.3731310444032574,63.99790890774267
Kallakurichi,2017,1395.2276691267373,27.32450206497449,35.051454163429945,20.98530464986601,66.87519067632597,0.4972809098064218,0.3154843356709809,36.36605779712488,0.2572345465427482,11.951562725421198,569.0533182698626,2.3731310444032574,63.99790890774267
Kallakurichi,2018,1176.4130257200447,27.353475253669743,35.59224138154122,20.276031230367387,64.17116863434833,0.4990577801726918,0.3233953009352309,35.30063116467298,0.2130217600965131,10.792192857395062,590.6498736070251,2.3731310444032574,63.99790890774267
Kallakurichi,2019,1166.494443439151,27.76230983593364,35.5016435858354,21.373330586939964,64.72677494406877,0.4896447355771682,0.3161530007003648,36.12440448913427,0.2350517081186544,11.242333221600555,577.5563851540946,2.3731310444032574,63.99790890774267
Kallakurichi,2020,1275.0649330743047,27.00843688097452,34.17104306952538,20.51511049794613,69.95746033617411,0.5453515587321435,0.3480289368304943,35.08845794954195,0.2599529719423927,14.497046738023554,566.7537407252356,2.3731310444032574,63.99790890774267
Kallakurichi,2021,1917.852477179968,26.884368070175853,34.4637940782811,20.656055877448093,68.897722929556,0.562090226571762,0.3569382282794993,33.76926584790521,0.2716734875628672,15.048813050194648,554.5165990545778,2.3731310444032574,63.99790890774267
Kallakurichi,2022,1348.6773403297386,26.69403152728432,34.24962656351183,20.2202684805214,70.57382533572317,0.5706570823805074,0.3608096381986956,32.85611462732557,0.2680755499787056,15.609039432060994,564.6709695810516,2.3731310444032574,63.99790890774267
Kallakurichi,2023,1421.8600936055673,27.176312922528496,34.617274519707195,20.685798985194943,68.38726829585534,0.5812234228835059,0.3699459075304223,33.16518232613875,0.2540910022185249,14.174380652361208,577.9698781076842,2.3731310444032574,63.99790890774267
Kanchipuram,2015,1672.46204823585,27.756421875329085,35.112284617362526,21.80667971357228,69.49642042184107,0.4545355386487062,0.2884109681761447,35.36684071240323,0.2468173787062856,12.053630600415389,548.9541404955605,2.437280629012983,62.96651655514077
Kanchipuram,2016,769.5140803264202,28.058891899493798,35.71759516730026,21.43414508156903,67.40320909738205,0.4790286553721126,0.3014283940630913,34.16694527605455,0.2168666617647089,11.040234850676686,575.3978088072364,2.437280629012983,62.96651655514077
Kanchipuram,2017,1345.3201777192542,27.945654410388272,35.661347044662364,21.93923613642419,69.04703627191668,0.4788021580052118,0.3023145882577143,34.577485357824195,0.2494831939075756,11.928125417957403,556.6072349976711,2.437280629012983,62.96651655514077
Kanchipuram,2018,1064.244434222912,27.802361935537345,35.54315028626965,21.190023821908888,67.5524783106027,0.4761476077159398,0.3054548977768783,34.71476616581027,0.2138646912831132,10.351098308327613,565.802486727361,2.437280629012983,62.96651655514077
Kanchipuram,2019,1080.146236686487,28.12170599716016,35.6386618082852,22.30888954778353,68.83320925499203,0.4408554353118931,0.278338165532939,35.89669022061518,0.2387836020577668,10.829305567171597,557.08077035037,2.437280629012983,62.96651655514077
Kanchipuram,2020,1659.372824238176,27.59868988422127,34.518699675410375,21.53918510303105,72.00783238911242,0.5078447125667902,0.3156712229342639,33.84788369840887,0.2608419346156954,13.662858446471978,547.8983391873008,2.437280629012983,62.96651655514077
Kanchipuram,2021,1757.5050943753752,27.43969014505075,34.80671516891148,21.752145877315105,71.75180293858583,0.497808480770746,0.3046360842188814,33.42151437191444,0.2694916830234645,14.956350393281388,546.3025182343196,2.437280629012983,62.96651655514077
Kanchipuram,2022,1440.1456049170797,27.4384947779705,34.83547624661838,21.32393219470265,71.70673608367753,0.4987860794869544,0.3107229664769635,32.28817928746161,0.2613140235833343,14.420791855193295,550.590668047695,2.437280629012983,62.96651655514077
Kanchipuram,2023,1405.4359071980164,27.894514405397665,35.14681604472935,21.56231791224169,69.90230550748224,0.5083955358840585,0.3086385067974874,32.381356597604224,0.24740910522726,13.245835089605238,562.4915942171783,2.437280629012983,62.96651655514077
Kanniyakumari,2015,1877.5442709928416,25.86834484587567,31.047344938115284,21.842982196648144,78.71439149777306,0.7123665495234788,0.4527845741619943,29.01497043340696,0.3134703541554398,28.447017792383026,548.5230131790249,5.207516625323451,54.696962680022274
Kanniyakumari,2016,943.3323846259888,26.548387750855213,32.11199151043918,22.16376504818201,74.21505154450107,0.6903276223238608,0.4332488695763808,30.15282543554068,0.2489096981763734,27.784882697580336,577.1812911990972,5.207516625323451,54.696962680022274
Kanniyakumari,2017,1349.8807246318156,26.189636590220204,31.91473661195895,22.12016144214166,75.69601676078697,0.6723419731945646,0.4182480826199887,30.458320403951344,0.2777824261189917,27.255071967392254,564.2237307980657,5.207516625323451,54.696962680022274
Kanniyakumari,2018,1400.251015252897,25.90495403939939,31.28796850137377,21.853110472201514,76.17524181040868,0.6588774628937957,0.4117759517803918,29.51295906920426,0.2886890583429416,27.227692184080222,556.8244431863056,5.207516625323451,54.696962680022274
Kanniyakumari,2019,1716.8886988546772,26.30366473195503,31.636875022555945,21.972038870001583,75.94279416863205,0.6690300563527604,0.4255110565272587,30.54537597145732,0.2932292152069303,26.68133704048528,550.0385241921558,5.207516625323451,54.696962680022274
Kanniyakumari,2020,1446.0318444382726,26.29738697076698,32.123912697860774,22.17396521160953,75.97348500249782,0.7079893628218841,0.4471858564482089,29.935417205206868,0.2892836869085754,29.335282928266405,556.5563982040904,5.207516625323451,54.696962680022274
Kanniyakumari,2021,1908.709933932786,25.813107594405206,31.224702581408867,21.39983556801752,77.55382138459882,0.679233353988634,0.4343989504401375,29.18304333406174,0.3059906097323742,28.530749387806065,539.6482324937731,5.207516625323451,54.696962680022274
Kanniyakumari,2022,1348.498954937476,25.803595843006047,31.319530147124407,21.86085247921587,78.05647975174801,0.6792329708259764,0.4289837100099478,29.20363314923272,0.3010779896991962,28.50457245806289,549.4142960107624,5.207516625323451,54.696962680022274
Kanniyakumari,2023,1516.431580486399,26.223962975861262,31.76158703240121,22.00736614399821,76.09710642792524,0.6904656860940576,0.4295517192210876,29.28813368829423,0.2920570133425028,26.599878208868475,551.1438201597496,5.207516625323451,54.696962680022274
Karur,2015,1150.1297361716236,27.59899185533019,35.427293483412065,21.41041143912605,63.81317401352913,0.425685530279192,0.2756450567581916,37.17186930855146,0.2469277085784336,10.830688221137503,589.1108181774209,2.038735010690178,73.06846883228992
Karur,2016,549.3471757539727,28.786456007674573,37.120978303092656,21.905716061201275,56.11504946840434,0.3841394548207216,0.244419106103247,38.83804083618852,0.1766851306712831,7.531527467963817,621.3079075728818,2.038735010690178,73.06846883228992
Karur,2017,843.5458428199717,28.147684744724984,36.261964650341575,21.752324403338875,59.88060244604839,0.3869434745415461,0.2489033909121029,38.72547480690712,0.2213354394457867,9.453600457271287,590.4505638011905,2.038735010690178,73.06846883228992
Karur,2018,887.3689688506424,28.00216776403182,36.42788759510964,21.30879835908469,59.00672320224589,0.4060044087384974,0.2577066684801073,37.762167546016,0.2082233364856358,8.473517655815172,607.1256951225562,2.038735010690178,73.06846883228992
Karur,2019,896.626553967119,28.471561609769417,36.44802238276749,22.085971349436807,58.8645347583406,0.3802599290662649,0.2488280943092401,39.05861268923748,0.2162425601812938,9.04933850406296,591.3577486702809,2.038735010690178,73.06846883228992
Karur,2020,807.0765676525835,28.222977948604026,36.10373837272475,21.65649933309841,60.33984918828063,0.4349248360669411,0.2767130929313919,38.04107410828869,0.2202699074194482,12.023976342760996,585.7032324972267,2.038735010690178,73.06846883228992
Karur,2021,1281.759577052591,27.46137142899852,35.43807212873973,21.196555851049258,63.87020729679017,0.4628886021984776,0.2992719322389457,36.83368565461844,0.2491244304559688,11.659471281974035,572.7401332773177,2.038735010690178,73.06846883228992
Karur,2022,937.8496500661522,27.559952750024145,35.71348281519432,21.44587630237115,63.37941102308144,0.459818911386319,0.2940448338794842,35.827570810796125,0.2310081992971639,13.18665307898002,583.3335070692832,2.038735010690178,73.06846883228992
Karur,2023,894.4344454713942,28.13987305739668,36.21928236457213,21.65118374057115,60.63498149733374,0.4641626050268637,0.3009872987485947,35.97890636268641,0.2262134325001729,10.049748130556376,590.494137398338,2.038735010690178,73.06846883228992
Krishnagiri,2015,1136.496204879393,24.54167239939908,31.988413744322035,17.799861234607352,66.2512090049708,0.5347301010887462,0.3320078569738411,32.546926026946025,0.271442575135152,13.884207886798894,585.5148798931344,2.501897706203809,64.8366831243311
Krishnagiri,2016,734.0238381213575,25.235687687198343,33.212212114570185,18.02650952252044,60.10284385727482,0.4803776486463443,0.2940521512993439,34.445499152554504,0.2225907175806438,11.9717772019245,603.02046650143,2.501897706203809,64.8366831243311
Krishnagiri,2017,1368.704913424979,24.841605849230525,32.58261749927463,18.085251942807623,63.58364190250769,0.5142645108744588,0.3178555478710506,33.04341200977343,0.2578937431179839,13.070573211949856,577.3512913683571,2.501897706203809,64.8366831243311
Krishnagiri,2018,1028.5967533767375,24.667539007404358,32.39959518975543,17.29537305448724,62.4985249748374,0.4945466524377537,0.3035721213642887,32.439930422904126,0.2391502220864605,11.625473367039096,592.4018934276725,2.501897706203809,64.8366831243311
Krishnagiri,2019,1111.7013882140805,25.179220532171023,32.55971087010147,18.633889613743328,62.435639275568704,0.4733595051179423,0.2903931812748191,34.33544624596454,0.2541052810588859,12.088239686185329,574.0609856660998,2.501897706203809,64.8366831243311
Krishnagiri,2020,1155.649847701328,24.7564493010838,32.070483814570885,18.12773557693668,65.57283071135681,0.5466343506584753,0.3374435117142179,32.90749835080274,0.2645582327737961,16.367305292694518,572.0594944461812,2.501897706203809,64.8366831243311
Krishnagiri,2021,1462.6525023676115,24.31734816379465,31.93030521621179,17.992654131072133,66.73802543528332,0.5234437286552659,0.3328666290182083,32.31041265224785,0.2807921706249816,16.329239863995127,553.1042965926042,2.501897706203809,64.8366831243311
Krishnagiri,2022,1357.0255724138644,24.042213184105115,31.625256398647192,17.423187506399636,68.32268206001775,0.5716968937490294,0.355115498744411,30.608396752459228,0.2841932277447501,17.41854232938405,569.1002907768095,2.501897706203809,64.8366831243311
Krishnagiri,2023,1137.560135150495,24.759756676249133,32.21520876315107,17.63063087735974,63.65624323455018,0.565607561013379,0.3405697129744396,31.25105554941301,0.2509020810918026,14.78876214434125,597.5497976748987,2.501897706203809,64.8366831243311
Madurai,2015,1436.7576821440462,27.083553761473755,34.76088839542477,20.431301447023408,66.65353276877589,0.5241801710803647,0.3303209749486155,35.82469510621432,0.3054104306651298,14.058701864811622,570.9607100676628,2.4931344885968376,67.22181524510293
Madurai,2016,779.1607175516651,28.247671353938863,36.81397096768976,20.86174137807265,59.17030426912809,0.4866961739141208,0.3056774049020417,37.08024031261433,0.2402946348726489,11.05244697251905,601.9087253018778,2.4931344885968376,67.22181524510293
Madurai,2017,1264.239999457912,27.805127559076237,36.11039916109343,21.185944578997653,61.534194333530365,0.4929376427521877,0.3064511071274605,37.29794597454926,0.2783187224624845,11.530909745266436,574.5054510148391,2.4931344885968376,67.22181524510293
Madurai,2018,1301.52835436033,27.2745380478877,35.59030830067057,20.604777188210523,63.347535183133445,0.4898945420065426,0.3105616187280837,36.1344751145149,0.283575320340087,11.679753086071509,582.075134074916,2.4931344885968376,67.22181524510293
Madurai,2019,1351.3233575459114,27.77237445217382,35.65868836674666,21.295998721345125,62.68927347573755,0.4639240430676001,0.2985462293008267,37.58599879488304,0.27857121738903,10.875876776207011,569.4113534710366,2.4931344885968376,67.22181524510293
Madurai,2020,1489.9515115484512,27.6979174743312,35.783213804571155,20.899391633529568,63.23627684520499,0.5237197982978329,0.3356274015738246,35.83143417619891,0.2753491198877292,13.741675766520956,564.9147788833039,2.4931344885968376,67.22181524510293
Madurai,2021,1678.2662645758617,26.919425291936854,34.71465821722426,20.0849939203345,66.87623535862151,0.5451499144887034,0.3481972248626269,34.61459938270259,0.3049629052623571,14.902674249776137,555.0096464265544,2.4931344885968376,67.22181524510293
Madurai,2022,1510.7751909386964,26.94744394058244,34.967851071662444,20.404223604614057,67.04755004144633,0.5445590832132817,0.341577153612644,34.035963225841854,0.2985247242791467,14.998160592577044,563.8619865362839,2.4931344885968376,67.22181524510293
Madurai,2023,1345.315243891757,27.379230523821995,35.26267856064241,20.95437801064608,65.1590151856273,0.5504301265275026,0.3430185727172391,34.2470061383922,0.2992792110471992,13.24580771331247,569.729048763111,2.4931344885968376,67.22181524510293
Mayiladuthurai,2015,1791.5943678852686,27.95491508651038,33.28927001565586,23.289052527100758,72.1251067472913,0.5500118194170139,0.3415912297483313,32.965632465537375,0.2534510732959251,17.48351667426306,548.2869739510955,2.2102333901610884,62.24566047506966
Mayiladuthurai,2016,846.7964950894844,28.488570534153943,34.27716014787568,23.41764672289372,69.1069082377715,0.5470204117728131,0.3535059681624554,33.255321324151424,0.2098372467836666,15.33399481109272,576.6403964907674,2.2102333901610884,62.24566047506966
Mayiladuthurai,2017,1354.8066909485017,28.06156948140082,33.70073734123695,23.449349010608355,71.80142772195842,0.5170433337555536,0.329583494988726,34.13354031614713,0.2570777647601691,15.472332552629924,548.5395965630814,2.2102333901610884,62.24566047506966
Mayiladuthurai,2018,1212.038859722709,27.94019480109683,33.65710067128959,23.226155341286507,70.52414394326419,0.5241995164162483,0.330882914193469,33.518152921464335,0.2252939664030472,14.811350250987768,566.3743360446501,2.2102333901610884,62.24566047506966
Mayiladuthurai,2019,1275.9588809508289,28.283863592951707,33.882251287198315,23.795389065654767,71.40952167494487,0.5329359492628766,0.3383398483498941,33.42241422246036,0.236215024016142,15.078608656953476,565.7361420476748,2.2102333901610884,62.24566047506966
Mayiladuthurai,2020,1545.7179816057514,28.048015721384697,33.4034387238207,23.486289961492275,72.18110396095653,0.5561577621898108,0.3487925623351589,32.89547501258832,0.2529996272770696,17.014473330172297,549.9771258267422,2.2102333901610884,62.24566047506966
Mayiladuthurai,2021,1972.9167834547952,27.8319063476894,33.481845556272745,23.212816902003063,72.36982529421341,0.5402619050849689,0.3405811547187903,33.14415443760882,0.2687103025388158,17.212035343951424,544.8842263068327,2.2102333901610884,62.24566047506966
Mayiladuthurai,2022,1327.4513976663416,27.673148245302063,33.28458884472047,22.805938929803155,73.82016388835022,0.5514797159705813,0.3435125195595152,32.06362926276517,0.2757913484237003,17.667638269195233,551.8755813486634,2.2102333901610884,62.24566047506966
Mayiladuthurai,2023,1503.387341854545,28.00819011017073,33.66415198352272,23.08826233196077,73.37055037961741,0.56432209998357,0.3558306325362247,32.10156240525792,0.2632455064999696,16.77221505538874,551.0821692970998,2.2102333901610884,62.24566047506966
Nagapattinam,2015,1845.3579834040977,27.932730468501507,32.03145558698844,24.139892991754405,74.61771782679163,0.4450054281024371,0.2755042506477749,33.96304404002417,0.2023364044780866,18.086951637426544,558.7129770004882,2.4227269586520537,62.24747807820013
Nagapattinam,2016,851.0055308844012,28.51320811390489,33.08276749376004,24.339653841506284,71.31273395795402,0.4305822667737898,0.2731925450797718,34.69339169682579,0.1573535959875711,14.479185327989908,588.2964037892821,2.4227269586520537,62.24747807820013
Nagapattinam,2017,1410.242472948304,28.067397541159576,32.39884610402097,24.29491815974573,74.05482600531155,0.4322076756727224,0.2677896496681823,34.26167555149636,0.2014882663968287,15.80792677282448,559.8685538325224,2.4227269586520537,62.24747807820013
Nagapattinam,2018,1303.0965195864233,27.920814429229385,32.2507881030429,24.162815094512865,72.85836646027764,0.417792419437702,0.2656623960017553,33.73741333557998,0.1757599809245486,14.994973764624987,573.3613789767865,2.4227269586520537,62.24747807820013
Nagapattinam,2019,1299.7084338688442,28.19278544354148,32.6224364028018,24.608086560952568,74.4678756082848,0.411237082311043,0.2608713241137082,33.91837457991194,0.1842729889793206,14.8947223142907,573.885639250168,2.4227269586520537,62.24747807820013
Nagapattinam,2020,1719.2193296967232,28.13632492036091,32.446520691392244,24.27226218028689,73.72586843063677,0.4490741546999182,0.2854586471698347,33.27189800844575,0.1930205069453776,16.84593868657348,560.3668555947514,2.4227269586520537,62.24747807820013
Nagapattinam,2021,2099.583644191531,27.87634392692877,32.41736690384897,24.10981489928455,74.15760473921297,0.4316677693155012,0.2671201571023563,33.75816499227223,0.2119067993393555,17.348098121780676,555.9440004813029,2.4227269586520537,62.24747807820013
Nagapattinam,2022,1493.1719602414769,27.78819357938414,32.44547233655645,23.67116968352018,74.85368430549042,0.466875525494871,0.2912295852910775,32.12477334103906,0.2089295857984991,17.976134597509933,562.7590907747584,2.4227269586520537,62.24747807820013
Nagapattinam,2023,1675.2462936207685,28.08116878613309,32.59933877765624,24.16375661633604,75.12027423108987,0.460578140967705,0.2894291781603075,32.67845941168444,0.2049598807480242,16.417120742730646,558.8770121987462,2.4227269586520537,62.24747807820013
Namakkal,2015,1245.5555313785906,26.610320261385706,33.980794905407926,20.58036972949998,67.14788087039985,0.5166400028914546,0.3281977231601457,35.33932436973708,0.2630651229071808,12.98498344885966,586.7222875625487,2.6639191055390987,67.75847776331976
Namakkal,2016,668.3559154164712,27.744115677538822,35.6529029408358,21.109184016651906,59.28836431384361,0.4742484873015188,0.2911415720999732,37.00410729157639,0.1961466534905894,9.50173935698159,615.6919084100712,2.6639191055390987,67.75847776331976
Namakkal,2017,1046.6917024314157,27.12826760476429,34.69692712296585,20.92047481448022,63.32529224225226,0.4753202136383624,0.292955409915707,36.96112384027639,0.2527287371614043,11.4506627116001,584.1246819821471,2.6639191055390987,67.75847776331976
Namakkal,2018,1083.4889342395595,26.87192752762774,34.66802851287975,20.29161394267461,62.96525686998879,0.5030275034504592,0.3122623690347834,35.63996078978661,0.2310716414418005,10.73008851647254,601.823274934685,2.6639191055390987,67.75847776331976
Namakkal,2019,976.6414421715632,27.42021033213377,34.84578990932727,21.25505821707088,61.93797986029565,0.4862174678027311,0.3037949185593713,36.54625552199808,0.2404222040564846,10.95679815332596,585.8676112906953,2.6639191055390987,67.75847776331976
Namakkal,2020,940.7063579213532,27.02676334421094,34.11396784006786,20.998134002628703,64.95735774510095,0.5358550184996503,0.3314501096934391,35.74613926163295,0.2480834382043664,14.481297497428612,578.8676910222222,2.6639191055390987,67.75847776331976
Namakkal,2021,1459.5850579861367,26.49722667990757,34.16979189738231,20.4760584096836,67.07017910430095,0.5322391195347213,0.3371482973190569,35.01992060654121,0.2648396663208605,13.761824283633842,564.8128943810912,2.6639191055390987,67.75847776331976
Namakkal,2022,1154.5779479594075,26.36988678092638,33.81239132313441,20.365366498429367,68.20373581911014,0.5512648434154906,0.3447718177930532,33.34254256730212,0.2664609959528463,15.58170967307386,576.9584417119551,2.6639191055390987,67.75847776331976
Namakkal,2023,1149.3014952559713,26.8663556146822,34.21572399676039,20.482839011968327,65.55090509786831,0.5552734931741847,0.352725315868977,33.828064416555144,0.2477592604503172,12.746538237077692,592.4627778439893,2.6639191055390987,67.75847776331976
Perambalur,2015,1370.916820481897,27.29615660630416,34.79582566851764,21.01139065946928,68.0083878652312,0.4832715655331517,0.3011795425642306,37.20972054025573,0.2801563899603145,11.597399047412386,569.0384150596885,2.2944396249862486,69.29183493927478
Perambalur,2016,799.9712888938391,28.02020926301934,36.008721797916856,21.004032240996672,63.2866500421132,0.4616205685012262,0.2866806691950221,37.72054812729452,0.2360390006446179,9.04129693430423,600.9730668137837,2.2944396249862486,69.29183493927478
Perambalur,2017,1188.99881994635,27.55058658760604,35.28195392939336,21.32745517098392,66.60134545291253,0.4674111636838277,0.2931353796751904,38.10869620471197,0.2778477107892809,10.719076679854007,569.5366851120611,2.2944396249862486,69.29183493927478
Perambalur,2018,1113.1389094179367,27.55192553049593,35.719687384438366,20.68150513088269,64.23296865996357,0.4523425915022304,0.2824855921271751,37.71346495761698,0.2374329914084234,9.11700000924906,592.6183224621091,2.2944396249862486,69.29183493927478
Perambalur,2019,1121.1565396534534,28.07788979414225,35.842444707727296,21.758004000570047,63.8132296784555,0.4181044047790663,0.2640857638502425,38.54834008198803,0.2547059109439326,9.393352794501858,578.6736475585813,2.2944396249862486,69.29183493927478
Perambalur,2020,1103.015587932605,27.465627006455588,34.8284261219909,21.09101047453608,67.80108777609263,0.496182196810458,0.3095639211249649,36.77025649152446,0.2743406385186919,13.128778673632477,569.2453117418473,2.2944396249862486,69.29183493927478
Perambalur,2021,1635.944852496542,27.152400182053796,34.818700616758406,20.959837738136763,68.30307469220352,0.4980234723540259,0.3092511389177503,36.08869734487724,0.2894761833834808,12.432168628947602,558.1436658172307,2.2944396249862486,69.29183493927478
Perambalur,2022,1266.9113190578216,26.99652192049539,34.67819231052007,20.76629828839448,69.74916599972985,0.5100305700140624,0.3168673511026576,35.02979146589606,0.283620911783502,13.820490324105698,567.9942415801346,2.2944396249862486,69.29183493927478
Perambalur,2023,1301.839206366934,27.464126330666065,35.11695959141693,21.05113393806403,67.65328107665908,0.5129970341189993,0.3250435803827938,35.32551611735604,0.2733845505838658,11.618675576936914,576.5820763637597,2.2944396249862486,69.29183493927478
Pudukkottai,2015,1520.1501236237905,27.58062784822479,34.69807108216368,21.878833973826385,70.15144504391186,0.4807068610654357,0.3052626723119223,35.553545035844266,0.2816547478067642,13.127451986402688,571.5016589124195,2.091620332492388,65.49521909573329
Pudukkottai,2016,809.5926087039936,28.609137783964044,36.40769729455791,22.13378150676249,63.532235718092174,0.449821140205303,0.2877596354764208,36.78895505132324,0.2148356660649666,10.206397920803443,603.3622686289455,2.091620332492388,65.49521909573329
Pudukkottai,2017,1106.6570120228412,28.0578416492172,35.5949053614008,22.308733426067977,67.04861763900037,0.4398429998832116,0.2881921543453368,36.57388539704669,0.2592206845447215,10.647211349387533,577.2908402872615,2.091620332492388,65.49521909573329
Pudukkottai,2018,1129.6970620702534,27.753005682871617,35.3257791336185,21.66240394322254,67.04582846621948,0.4251887760485138,0.2775311948879111,36.3124784383848,0.2483097643320865,9.774093132423731,588.4149753394696,2.091620332492388,65.49521909573329
Pudukkottai,2019,1252.628284473245,28.254792646663358,35.61765285072316,22.6328536163048,67.08934695883892,0.4141875976243497,0.2730364267849312,36.97276926050097,0.2489263818538972,10.36094079525024,579.9196297850509,2.091620332492388,65.49521909573329
Pudukkottai,2020,1425.742661522399,27.974787152238715,35.35802370690292,22.22225637164403,68.42577154498525,0.4781784932308918,0.3108490496818639,35.54517941533742,0.2573658293744146,12.926204492702627,573.0583750769156,2.091620332492388,65.49521909573329
Pudukkottai,2021,1695.8297524929576,27.56879841799321,34.95270219183558,21.8435805882887,69.48004733616341,0.4747292722456007,0.2981911255245544,34.98001375627627,0.2752198387104402,13.578811874736706,564.0022279377116,2.091620332492388,65.49521909573329
Pudukkottai,2022,1283.8494147075062,27.485487051781543,34.97142205800914,21.8938726417142,70.24597536699275,0.5008955242021796,0.3165251289047585,33.95981666796263,0.2722779668727125,14.205304300422933,573.8814848750702,2.091620332492388,65.49521909573329
Pudukkottai,2023,1407.487230194787,27.777303209390958,35.13245438332442,22.106389219842526,70.0491051702537,0.5004273223253102,0.3181401747934267,34.36596672784169,0.277635507911892,12.269110391100876,575.1487490254904,2.091620332492388,65.49521909573329
Ramanathapuram,2015,1115.6105205968408,27.940619848843355,33.94899321453394,22.94053173364101,71.75053901404117,0.4465727422749113,0.2832545294863595,36.54731605551656,0.2242981482955736,13.90112074877432,539.9407090581238,2.162025769712997,69.13248544031066
Ramanathapuram,2016,458.9151660505537,28.86554077852006,35.54028241885839,23.353563463369888,66.3023659629983,0.3990905388438708,0.2499661077094026,38.55811103294967,0.1631464875500909,10.431291917325463,570.6814883492235,2.162025769712997,69.13248544031066
Ramanathapuram,2017,607.4511905075373,28.47755186065386,35.005559213230526,23.407080420716813,68.32777907404328,0.3445739205577345,0.2184696234244506,39.91329362312473,0.1964990391482899,10.28242937249388,557.8877442308382,2.162025769712997,69.13248544031066
Ramanathapuram,2018,749.8740076078553,28.015147359039748,34.52051448928916,22.723201436614684,69.51743794904425,0.3533253197370664,0.2287500957170998,37.9575943940089,0.1977240182764442,10.627834730988932,554.5511014321551,2.162025769712997,69.13248544031066
Ramanathapuram,2019,943.0604206730168,28.49994006325524,34.80480753765072,23.76961569187447,69.43322363262693,0.3524023551988933,0.2274848959539296,37.84143637312288,0.1924160399664068,10.529170108839022,553.6528238155834,2.162025769712997,69.13248544031066
Ramanathapuram,2020,750.266793488318,28.381678403036805,34.762784053349726,23.311238888479057,69.59756905431338,0.4030580143696897,0.2581849472373373,37.02736589509666,0.1966097266958418,11.72473918370656,547.7183136690998,2.162025769712997,69.13248544031066
Ramanathapuram,2021,1237.2698288815686,27.93168932929279,34.374045920851295,22.781757769195355,70.94703578642103,0.4433200152778973,0.2800701605968429,35.93518313081572,0.2202214559815039,14.743253299249536,538.4303782205186,2.162025769712997,69.13248544031066
Ramanathapuram,2022,753.7897201404355,27.869469594606823,34.50189085970344,22.815677051601178,71.59703315692283,0.4367807456820925,0.2775672488795627,35.74064840275274,0.2188916903137845,13.888783822835125,545.3116156638715,2.162025769712997,69.13248544031066
Ramanathapuram,2023,943.671109049316,28.22175353483912,34.605543946171764,23.389070195321903,71.12207808719602,0.4081527604770842,0.2588663714936878,36.210427658625626,0.2212948524921139,11.787829440394942,544.5468881561525,2.162025769712997,69.13248544031066
Ranipet,2015,1311.5536776682163,27.48756833597881,35.14167590596223,20.73287191715612,66.47179099426297,0.4934853258694128,0.3249531478440924,35.21351172438911,0.2531398905506291,11.226946880974907,567.1760790647629,1.94023921649422,64.41164507251942
Ranipet,2016,704.4807359139214,27.97307055546681,36.3065751505718,20.598150236810245,62.80228026396334,0.4986394604233976,0.3211640367227955,34.89293531973111,0.2130741901596315,10.005743548084723,594.8620655872378,1.94023921649422,64.41164507251942
Ranipet,2017,1148.763670906074,27.728496939262737,35.80258871590176,20.95301105976597,65.43402095881262,0.5103655415952417,0.3327715217914023,35.07645271344568,0.2532119825234927,11.147785827372324,572.4585525482676,1.94023921649422,64.41164507251942
Ranipet,2018,932.151866646992,27.652810399520728,36.12307325166823,20.126964223284467,63.51105576673138,0.4914373899147172,0.3287176265941847,35.06231891936184,0.2110506697187213,9.2789625260556,583.9576510054466,1.94023921649422,64.41164507251942
Ranipet,2019,948.4981908774708,28.06249889720366,36.00287306021196,21.48254045259547,64.2782111883466,0.459177087522495,0.3036454609719701,36.595368189217865,0.2390936971676806,10.014294162846452,570.314286105234,1.94023921649422,64.41164507251942
Ranipet,2020,1320.3650842806314,27.31773737112231,34.65163821321052,20.60993551135792,69.10107603297811,0.5285879534595488,0.34816403580299,35.305228436691536,0.2646978556410665,12.934409683908896,563.9015675192593,1.94023921649422,64.41164507251942
Ranipet,2021,1455.9208910349396,27.14266609190439,34.850524970115345,20.837784398025835,68.5101036147532,0.5325576553967822,0.3423446141857783,33.7608938784342,0.2719534256944557,14.30819948267278,561.0852058463103,1.94023921649422,64.41164507251942
Ranipet,2022,1252.3678322177773,27.087341451492225,34.96189755654714,20.356078233752207,68.94042540963669,0.5372081765568436,0.3378587604031157,32.42335830299109,0.2690233128862602,13.531916523631018,567.202155014803,1.94023921649422,64.41164507251942
Ranipet,2023,1223.4979283473615,27.64373560347053,35.37647430574592,20.754241770769227,66.00091177742883,0.5449259154445187,0.3451393787137855,32.74428857846214,0.2465574170219807,12.16275894872738,579.7936126451415,1.94023921649422,64.41164507251942
Salem,2015,1316.7290724774946,25.961585433866773,33.31716661466829,19.92191876532634,68.23973290073397,0.5661262428620093,0.3510133093823866,33.072928671442135,0.2638472534945118,15.298466893318206,580.2522081633678,3.146158412721713,63.68020065912155
Salem,2016,822.6835565185597,26.97114507480616,34.81650866732042,20.2198916685878,60.713937867503496,0.524477715871174,0.315717175005846,34.68363153875321,0.2060247252112195,12.179769706734737,605.5948663588059,3.146158412721713,63.68020065912155
Salem,2017,1291.1384210448812,26.417719629444296,33.97366381862922,20.178895650575548,64.76177608003988,0.5228208898263658,0.3118055146351201,34.59998171218952,0.2567859409530785,13.616166387688502,575.3500445034894,3.146158412721713,63.68020065912155
Salem,2018,1228.7288689314278,26.19005405645996,33.939797197380166,19.463685988090734,64.14569964309744,0.5433049541133272,0.3301967053151055,33.343235175783505,0.2336925681956436,13.180011618545471,592.7641742799564,3.146158412721713,63.68020065912155
Salem,2019,1172.5497835018118,26.652785032274764,34.05566979063495,20.56291199927201,63.80537310792638,0.5104862174042468,0.3132275936213661,34.39233447156536,0.2498013368501469,12.955567394678312,576.2539385203225,3.146158412721713,63.68020065912155
Salem,2020,1191.255578573559,26.200235539258404,33.196514797455976,20.253215756114624,67.4657915490274,0.5803355625016817,0.3565414067041144,33.178598016921555,0.2574459038621952,17.434256623481573,570.2713540687279,3.146158412721713,63.68020065912155
Salem,2021,1709.3842082596625,25.838497199773176,33.44228859757737,19.81749836230636,68.28131949765323,0.5725655541139262,0.3605319421597682,32.516506453507866,0.2700522180977296,16.74223107155657,554.8549039946056,3.146158412721713,63.68020065912155
Salem,2022,1346.126770677348,25.590730196357438,32.92443006350467,19.3466936766368,70.2277815029084,0.6017552355653135,0.3730065441503721,31.17311493481452,0.2743464475632235,18.54894025512127,568.4110219333583,3.146158412721713,63.68020065912155
Salem,2023,1360.6820533908733,26.132477678483788,33.40105152887003,19.766945353048733,67.13167806152181,0.5990317330214577,0.3699077467245116,31.70402864336757,0.2541290501383759,15.95065161450103,589.180943916966,3.146158412721713,63.68020065912155
Sivaganga,2015,1368.5583571640395,27.67857304469017,34.9646407468205,21.98855447228112,69.93197916588021,0.4869698906213427,0.3071752363559306,35.86127846418756,0.2638636657669975,13.021908628147944,569.1737028001975,2.0093957442219126,68.12374452416685
Sivaganga,2016,731.4059411991062,28.75311987433148,36.94782789224702,22.183283125615976,63.36352767604497,0.4485748118907437,0.2813474388802573,37.31691060265922,0.1908562095151029,9.893322711768944,601.1656630845401,2.0093957442219126,68.12374452416685
Sivaganga,2017,957.3501927378476,28.26696683164038,36.11528722746815,22.531972397986426,66.13146940320723,0.4239054857411072,0.2712845741516079,38.20007538128913,0.2363704643652473,9.85392455160676,580.4931463641367,2.0093957442219126,68.12374452416685
Sivaganga,2018,1045.4312175120024,27.807516020585464,35.73119596470148,21.74561589374536,67.1803445051006,0.4140938574688689,0.2673560870278669,37.32712964047464,0.2323271744620979,9.449779439244816,584.8284428341626,2.0093957442219126,68.12374452416685
Sivaganga,2019,1157.2406212424808,28.38701580661658,35.97432897144933,22.719501818127476,66.42669718113696,0.3950403488660443,0.2554995868983332,38.20554024870054,0.2284669622910835,9.661894949659596,577.2808507663802,2.0093957442219126,68.12374452416685
Sivaganga,2020,1265.8412196686834,28.09635018748301,35.63394405935893,22.253385217669067,68.18145084202479,0.465225377954706,0.3024820282785925,36.50572196446754,0.2388308359571265,11.97862478497176,571.5985433812413,2.0093957442219126,68.12374452416685
Sivaganga,2021,1522.0125520413446,27.6667376705388,35.31865369635303,21.721699045953525,69.32158953195997,0.4784031409621695,0.3034479186117668,35.719670730539946,0.255991791736346,13.363654420318174,562.2524299141355,2.0093957442219126,68.12374452416685
Sivaganga,2022,1121.5866046245571,27.5990547814539,35.33511299606713,21.877823721704956,70.00570220903508,0.4909294996956604,0.307101019899038,34.70845025247107,0.2540442513516848,13.564797235059936,571.6014487353466,2.0093957442219126,68.12374452416685
Sivaganga,2023,1318.575025841508,27.92716510022203,35.604661642570946,22.331965224898912,69.45988464928796,0.4878651317971538,0.3060225513508083,34.92406587716569,0.2617255532131314,11.872617706701057,572.7086644508985,2.0093957442219126,68.12374452416685
Tenkasi,2015,1707.1588183745027,26.128138399895885,33.79113101670989,20.123927365264624,72.12580243247959,0.5009966302457705,0.3195924257206408,34.88959489835784,0.2952220545798087,18.075123767359177,559.4576847340453,2.7184397253669057,65.85546065360013
Tenkasi,2016,936.7206306329572,27.043699838533705,35.16649185558252,20.7678439376616,65.90796784158297,0.4618737395639937,0.288679278254859,36.14240971064034,0.2302245554393719,14.053014100554176,598.8325122976801,2.7184397253669057,65.85546065360013
Tenkasi,2017,1495.6197123259478,26.670095349567436,35.15767305279489,20.203728202022525,67.72238940863,0.4406007971012777,0.276214999365444,37.02530121417364,0.2637952593825232,16.302327618719247,575.256596875173,2.7184397253669057,65.85546065360013
Tenkasi,2018,1607.6577544498664,26.26833884753096,34.4477274108324,20.282405324895088,68.97505495976758,0.4984552341980381,0.3192638582439472,34.34764430993875,0.275169035789074,16.82036963479001,574.9776384619433,2.7184397253669057,65.85546065360013
Tenkasi,2019,1608.7940507945275,26.67085394118597,34.64521332880855,20.82985302881092,68.55521671584752,0.4534880751633017,0.2913103880631961,35.704785347831425,0.2715609010436585,14.414233934759592,566.4264544531464,2.7184397253669057,65.85546065360013
Tenkasi,2020,1601.7108512051602,26.623168834787062,34.81473052892133,20.41907855367704,68.99453790527016,0.4934756494003218,0.3138459528071617,35.614857484334735,0.2700131185446067,16.62697323945147,565.1469833888984,2.7184397253669057,65.85546065360013
Tenkasi,2021,1987.8239351699085,25.8917795012838,33.70271328442481,19.753778475528183,72.38727786916188,0.5177109455798111,0.327681068420659,33.8014292809564,0.3034301268747035,19.41600126260644,548.3416405409425,2.7184397253669057,65.85546065360013
Tenkasi,2022,1642.9926839263014,26.20006862361726,34.60718448950497,20.2662740788819,70.8322755058686,0.52249204250125,0.3352704213288792,33.9256020014112,0.2882246981140282,18.71060173736603,558.1857379897895,2.7184397253669057,65.85546065360013
Tenkasi,2023,1562.7095879666813,26.52420220030768,34.50750382078605,20.586889878402648,69.38960170711158,0.4935705701816466,0.3088931466166578,34.623384985101445,0.2870461729019559,14.430563912190127,566.3847065851451,2.7184397253669057,65.85546065360013
Thanjavur,2015,1568.009849983113,27.91864351006911,35.0451385887055,22.13398656376696,69.86481018024939,0.5533228234387749,0.3559365350797092,33.64163573697169,0.2527446321679826,15.661076386427188,558.0264843142928,2.2276731934208973,62.55564561364164
Thanjavur,2016,846.5633452611526,28.741169629388214,36.401420638782085,22.361375985096203,64.72021643837543,0.5378156525369814,0.3553040982028629,34.164640800064404,0.1920228405822875,13.453093536046726,590.8061578373824,2.2276731934208973,62.55564561364164
Thanjavur,2017,1232.3525576476934,28.177246231482457,35.679148678669726,22.430538886715134,68.3765728903449,0.5398540259577974,0.3549427634205941,34.422429412624496,0.242566464652355,14.04508642497916,562.1326401566033,2.2276731934208973,62.55564561364164
Thanjavur,2018,1116.4111142671368,28.00583178917341,35.49217759811731,21.857989008373924,67.34539108578461,0.5158148182360278,0.3396923757072744,34.13614773404559,0.2190402362576942,12.738424591120037,577.71819470109,2.2276731934208973,62.55564561364164
Thanjavur,2019,1216.4817291822308,28.424772555895835,35.85898056823455,22.819487410594476,68.06790234641443,0.4931525325791462,0.3234121408570447,34.80716619749264,0.2261446662131006,12.771270484629026,572.17844297604,2.2276731934208973,62.55564561364164
Thanjavur,2020,1386.763114133091,28.17952913715092,35.56646707726745,22.44575675326024,68.93878380388094,0.5489425164845184,0.3540990376897451,33.659650263413454,0.236076875633792,15.49268781519139,562.0771359929624,2.2276731934208973,62.55564561364164
Thanjavur,2021,1721.984136107112,27.824054260384305,35.331081578935965,22.110070334059355,69.76935620972296,0.5310640602515627,0.335773504273102,33.38563671537342,0.25584964033264,15.481937497355268,555.4708816951538,2.2276731934208973,62.55564561364164
Thanjavur,2022,1282.6378836710237,27.64666065530949,35.06899910120411,22.005291224548483,71.27471665251336,0.5650500969713362,0.3615836191009037,32.108164882844285,0.2565633448430693,16.15192112590417,562.3288799235647,2.2276731934208973,62.55564561364164
Thanjavur,2023,1434.764923774325,28.005212480635496,35.36407113454534,22.18999875315114,70.68275657923229,0.566549927104329,0.364636169026294,32.07214314240772,0.2533356357351675,15.02530998809466,562.8944024438337,2.2276731934208973,62.55564561364164
The Nilgiris,2015,1488.2857005068531,19.94422504161168,26.97341000465873,14.496876552996582,78.44256116213751,0.6994877198900049,0.4191065795143573,25.08722242354771,0.3803221497333897,26.67699879824129,559.5877635625168,7.409597687957143,53.02464858381027
The Nilgiris,2016,965.19201594174,20.50319072438692,27.53565902573774,14.79659482269282,73.20192940867533,0.6498428415949448,0.3773682733795443,26.45031246767415,0.3370295855936929,25.149799331421608,581.9476832642652,7.409597687957143,53.02464858381027
The Nilgiris,2017,1457.616990138571,20.140959018346948,27.07028120189804,14.714072748912136,76.02902701752856,0.6512809059606184,0.3827944749033359,25.906398443300542,0.3669525942450584,25.347114848365575,548.840052031735,7.409597687957143,53.02464858381027
The Nilgiris,2018,1604.0632255054277,19.950266705347065,26.915228902080088,14.168699847395786,75.32964189105668,0.6679890141104747,0.3888061803672998,25.20659205338186,0.362856099393022,25.61499382999413,564.4121748323466,7.409597687957143,53.02464858381027
The Nilgiris,2019,1589.863403889872,20.36799137332214,27.13381767539322,14.980869100104757,75.0587044303876,0.6414361101397961,0.3760477294392627,26.03625419823166,0.3549618898154577,25.34843259063147,554.3915322733416,7.409597687957143,53.02464858381027
The Nilgiris,2020,1529.5088843485546,20.313655916704427,27.1843126382416,14.74150134653549,76.1284457347259,0.6672680659107103,0.3936016914248838,25.57515641557825,0.3519908152385086,27.80972234766728,551.2834034745557,7.409597687957143,53.02464858381027
The Nilgiris,2021,2037.574812461355,19.8185358749527,26.61348970763397,14.447731276785698,78.71396916227522,0.6314405367383117,0.3825649346548676,25.247420132097183,0.3751276213115169,26.34959717558637,528.6174224201679,7.409597687957143,53.02464858381027
The Nilgiris,2022,1810.762625472796,19.800879190467025,26.89664157545588,14.22397869136346,77.19325936370367,0.667803527491783,0.3969638743673019,24.34394988492581,0.3585317956497802,27.19061909876821,548.9561793517697,7.409597687957143,53.02464858381027
The Nilgiris,2023,1400.411374931382,20.11233203743505,27.05582007310359,14.386484315813831,73.78414305959537,0.686184845851655,0.406442248009703,24.589334264630693,0.3550734144483792,26.919887890115916,579.2571152345228,7.409597687957143,53.02464858381027
Theni,2015,1782.7086699780707,24.09488252103198,31.32631581147344,17.60095538455874,71.68480786418253,0.5968366355859356,0.3733407625649985,31.691312858641258,0.3020450026191392,20.15714039666937,558.0326108102721,3.683407865375043,61.978880791352
Theni,2016,1007.6197653919402,24.997450145754613,32.83298567250273,18.344185654169006,64.89129758676833,0.5424991455147642,0.3331066553330986,33.72731224824784,0.2345364792614671,17.05358901506882,588.2432157453982,3.683407865375043,61.978880791352
Theni,2017,1739.185960510659,24.637147233334375,32.35541216273444,18.198014488949383,66.69550065297095,0.5531197553134507,0.3362289379407441,33.39312432054886,0.2785793269756826,17.34120589235141,557.8169185481105,3.683407865375043,61.978880791352
Theni,2018,1806.0649021746208,24.332295907096672,31.95298795417278,18.03534549861009,67.70679149067584,0.565009797383838,0.3554205940475992,31.913279207526944,0.281072717930092,18.73459933614405,567.9448744837845,3.683407865375043,61.978880791352
Theni,2019,1717.9169119740347,24.7051292629321,32.12041987957126,18.473025880536262,67.25703788737695,0.55100424968992,0.340778064023084,32.85092478918995,0.2770103007019706,16.257015822305906,558.4780393531379,3.683407865375043,61.978880791352
Theni,2020,1907.3269121462647,24.61382977833136,32.16229051720805,18.14145623258543,68.34928355193364,0.5861071886507272,0.3626353723413004,32.6549617563963,0.273456918328931,19.684130772147164,552.7586586198487,3.683407865375043,61.978880791352
Theni,2021,2168.133066507042,23.8844300133268,31.255999633575115,17.12655733189614,72.34908926935246,0.5948958899820906,0.3778964585112733,31.09808324908529,0.3101336226545807,20.12856456076446,537.7616435207312,3.683407865375043,61.978880791352
Theni,2022,2092.260037601125,23.97214803335564,31.516338412921,17.652116240208063,72.031086586332,0.5973236247614322,0.3770355861089213,30.745758471998627,0.3011972588661838,20.30218744840105,545.825921835503,3.683407865375043,61.978880791352
Theni,2023,1685.6348058533968,24.393123876897164,31.748571606064004,17.80896238239804,69.37697372407338,0.602950387258645,0.3724477480345094,31.091849171964984,0.2911808443810841,18.446140403059324,556.6251205063395,3.683407865375043,61.978880791352
Thiruvallur,2015,1605.135582791194,27.795621107701123,34.853259224841416,21.58824788815082,68.88923562814774,0.4763314190339721,0.3007162878099758,34.577889074084894,0.2571598439606715,12.218044144049273,542.4167617438798,2.0921543893495134,63.21586121944618
Thiruvallur,2016,715.8340607301948,27.973110578683507,35.49931151580656,21.313085667420403,67.56216656001756,0.4908034235526257,0.3052126212812649,34.245554903870314,0.2326226911352619,11.149141517540624,563.1184694412652,2.0921543893495134,63.21586121944618
Thiruvallur,2017,1303.1933080498122,27.9413912600048,35.30185638541255,21.85834562928749,68.80902810723015,0.4855744016139916,0.3019835399179993,34.834156240376515,0.2597563441104216,11.467442679572985,547.8253476277666,2.0921543893495134,63.21586121944618
Thiruvallur,2018,972.5061239407304,27.80152218883635,35.30192210352553,21.050531419729214,67.29679383901276,0.48330909736724,0.3083988869573411,34.501642402544284,0.2273424654425994,10.25796190133352,557.3362119796469,2.0921543893495134,63.21586121944618
Thiruvallur,2019,1036.4859581564915,28.10371124884932,35.277455063954115,22.31474432522516,68.75593238281915,0.4542865589136293,0.2888726359004115,35.69087585653691,0.2518868353951937,11.280656878131875,546.7218771740552,2.0921543893495134,63.21586121944618
Thiruvallur,2020,1534.0273426135618,27.59539449081813,34.37165639679846,21.43413294732856,71.6808898260475,0.5241638940804916,0.3315570953351739,33.81696826388424,0.2660752260266709,14.086907242775917,538.9419316271931,2.0921543893495134,63.21586121944618
Thiruvallur,2021,1570.547619851249,27.420171834107503,34.530636823874524,21.654329331538552,71.59523831787453,0.5182081970732157,0.320676737314867,33.36517930288956,0.2761510290207445,15.11664290723856,539.1140136125798,2.0921543893495134,63.21586121944618
Thiruvallur,2022,1412.5158566891428,27.44316902390907,34.64902847567531,21.135515417897988,71.41196094871674,0.51743632457712,0.3229398137177123,32.705951623549026,0.2684045116860972,14.209094041443388,543.6374165310009,2.0921543893495134,63.21586121944618
Thiruvallur,2023,1382.8575120843943,27.87242945749909,34.933362359245805,21.561801515923342,69.6174730469051,0.526112337440724,0.3228879216649603,32.603574826360365,0.2534780549818146,12.9806603196857,554.0734105646109,2.0921543893495134,63.21586121944618
Thiruvarur,2015,1782.6585127798455,27.98495330419177,34.418273591459986,22.749183545223275,71.38344019659743,0.5141212076005386,0.3224855643256087,33.747142307948494,0.2513252597225324,16.190281178161914,559.6090936857265,2.1994022653169925,62.53045078311774
Thiruvarur,2016,878.5613953948362,28.65930428741396,35.59147522437708,22.729293336492795,67.26292427985886,0.4875480190593398,0.3135688282506599,34.56737474611512,0.1958416918606118,13.482138389423987,592.0163433451028,2.1994022653169925,62.53045078311774
Thiruvarur,2017,1387.2971804425754,28.16686546663725,34.9537620478315,22.85047886376468,70.46997735530778,0.5053906265352902,0.32504494316421,34.206106694825635,0.2472612395829952,14.866976497975768,562.6143072156519,2.1994022653169925,62.53045078311774
Thiruvarur,2018,1260.348854694291,28.02278371383113,34.73734130801689,22.438841742872416,69.14508601658568,0.4966985926668441,0.321328453295625,33.64407833076444,0.2185683468958281,13.705560708106882,578.2879310250627,2.1994022653169925,62.53045078311774
Thiruvarur,2019,1257.5547406095336,28.358373842341727,35.08637691065814,23.322081979309964,70.53936477771899,0.4748856776505811,0.3072554789430741,34.26910996164604,0.2273561358591796,13.550005243109252,575.7992994444003,2.1994022653169925,62.53045078311774
Thiruvarur,2020,1622.384099456187,28.169382152467914,34.73033087135839,22.969251901092672,70.9123808347535,0.5198381123986623,0.3348646680510685,33.30166497382435,0.2385278460567444,15.947892000329675,563.6627717463942,2.1994022653169925,62.53045078311774
Thiruvarur,2021,1955.956327849953,27.8727733301203,34.67542529816419,22.64515724268663,71.42662547941029,0.4982820881309292,0.3131686325318488,33.7120658865834,0.2599121754101999,16.097617164215833,558.552924019377,2.1994022653169925,62.53045078311774
Thiruvarur,2022,1391.111416072304,27.725186642785605,34.475818733255736,22.454637561124283,72.63794476289168,0.539250314181797,0.3468853004588331,32.084494676529175,0.2595014705012802,16.788998626211615,564.3720831122114,2.1994022653169925,62.53045078311774
Thiruvarur,2023,1625.8325322982605,28.061679824558443,34.71280201171032,22.59204393776345,72.35599789855408,0.5366523600258541,0.3404866847214683,32.224771270482634,0.2558683914924796,15.430859261134982,562.8249593586272,2.1994022653169925,62.53045078311774
Tiruchirappalli,2015,1376.668337259744,27.45093550754424,35.10964159895647,21.28742710504156,66.35644408192104,0.4876073314012821,0.3089694355156555,36.21751003719988,0.2967391021886566,12.424847604788894,577.9563446793425,2.309837320093999,68.23733050632092
Tiruchirappalli,2016,743.3491831511806,28.48498133639417,36.6538811587566,21.595043855640167,59.61955392548565,0.4625985024477748,0.2896935148470087,37.17112059534559,0.2387821252042826,9.53145723935558,609.5663023687218,2.309837320093999,68.23733050632092
Tiruchirappalli,2017,1053.20897514722,27.897215649109704,35.837304784048634,21.60472508623392,63.3723477229275,0.4591348473666958,0.2882741156811969,37.31765384693913,0.2817095445814869,10.831763094912082,579.5007676780822,2.309837320093999,68.23733050632092
Tiruchirappalli,2018,1069.5098147394608,27.742755099058733,35.934186185491875,21.011659740007666,62.34146855807487,0.4584315617675061,0.2884799493580822,36.720062678082165,0.260848272523643,9.86064703623138,597.7791217458763,2.309837320093999,68.23733050632092
Tiruchirappalli,2019,1110.7816346946722,28.32314441457568,36.17029591969509,22.02317656480353,61.562238968008096,0.428665808268326,0.2768335512971303,37.747354481993405,0.26576530847133,10.127494996647895,583.9885163370544,2.309837320093999,68.23733050632092
Tiruchirappalli,2020,1075.4940567999924,27.960759963649828,35.72580831784112,21.55990204144151,63.780180081699896,0.5051397568406578,0.3230433684221954,36.20581508999688,0.2741618833270244,13.499378758262582,576.852291251388,2.309837320093999,68.23733050632092
Tiruchirappalli,2021,1511.915293465928,27.391581195626944,35.26276152919213,21.202848622431556,66.03308928217085,0.5122124483999388,0.3249143470746179,35.44646490636906,0.2946688199903984,13.19870354956062,566.0350996636031,2.309837320093999,68.23733050632092
Tiruchirappalli,2022,1173.8750344372386,27.34335047357289,35.31543299687938,21.232984810187972,66.62531115814129,0.5284803732632994,0.333719738034465,34.022100803739406,0.2885994556225844,14.72862513648044,576.3465969413618,2.309837320093999,68.23733050632092
Tiruchirappalli,2023,1199.195937225547,27.80203511349944,35.69046409039755,21.476673541736545,64.70877991957043,0.529753451193663,0.3399548982436651,34.373971976795275,0.2856928644037769,12.401582032337346,582.4147110166359,2.309837320093999,68.23733050632092
Tirunelveli,2015,1570.005127714308,26.43683279468725,33.353466985892254,21.29497559990589,73.90611866606882,0.5203750366190316,0.3234935342804895,33.4324695353933,0.2676184475157027,20.74747021367057,573.358767332125,3.179404481065214,65.88034928577328
Tirunelveli,2016,766.132354324269,27.29976735311357,34.617888578179496,21.74184427723049,68.25688668236205,0.4754641998494529,0.2939742116599899,34.92051372111188,0.2037461798117583,17.202221578037054,608.8589312825782,3.179404481065214,65.88034928577328
Tirunelveli,2017,1204.9791062274553,27.009251062830973,34.57253133887582,21.428346282274024,69.41658222256,0.4198011444050231,0.2576273737281083,36.053754755495326,0.2312241906521533,18.46932395686788,593.4264928396905,3.179404481065214,65.88034928577328
Tirunelveli,2018,1228.7290719620391,26.506847424497277,33.88227423962941,21.24812027753447,71.22163568063249,0.4949887348287313,0.314021047607546,33.201435319645135,0.2465382951748128,18.810220339192856,586.461812400619,3.179404481065214,65.88034928577328
Tirunelveli,2019,1489.2721965508888,26.984417177711983,34.20650906074315,21.68778756657148,70.60538040835655,0.4494186575058365,0.2859254766813214,35.09121395838757,0.2411850950404248,17.345760442787512,577.8431763218118,3.179404481065214,65.88034928577328
Tirunelveli,2020,1210.6479595528542,26.91891941537393,34.35256464545766,21.61360325887876,70.98812467095073,0.4949483537409238,0.3113453287288756,34.67742756367456,0.2363960180552463,19.82461925116185,581.3564249933762,3.179404481065214,65.88034928577328
Tirunelveli,2021,1659.9841042997828,26.34004680730416,33.48312933916196,20.810745223398776,73.1917080322935,0.5181510493844071,0.3249182076396411,32.94765108617056,0.2679209092725579,21.735479899158133,564.2227097923574,3.179404481065214,65.88034928577328
Tirunelveli,2022,1222.259731233822,26.52632023032132,34.199211525373045,21.305138873711744,72.45477077418421,0.5240739433481287,0.3319762460947099,33.439061960636536,0.2575809319596571,20.71294290160745,576.2459230151048,3.179404481065214,65.88034928577328
Tirunelveli,2023,1324.96538346313,26.80426452470712,33.98722950862206,21.58636851135417,71.74978942545418,0.4836928174005525,0.3025306312325122,34.235786000391634,0.2610471030174342,16.84407391245677,577.6096906829634,3.179404481065214,65.88034928577328
Tirupathur,2015,1271.6858299117432,25.52662132578869,33.12571024003057,18.78801732077857,66.59474322455183,0.567176073802817,0.3508760725154858,33.13779241864786,0.2482404895709305,14.536800648956929,580.1702542426818,3.1390302721251646,64.40613654498618
Tirupathur,2016,884.3519891287766,26.23280484895872,34.68151642781278,18.927789406227987,60.774515528874936,0.5639381678133135,0.3486405427781925,33.246957229382105,0.2024146150210944,13.575800906834123,605.0674700425374,3.1390302721251646,64.40613654498618
Tirupathur,2017,1387.4036883944452,25.77362001862165,33.664976085253784,18.98899035231384,64.59642034628571,0.5701060658885347,0.3447201933740452,32.891685896356414,0.245446219047691,14.265794355131082,575.5633971421465,3.1390302721251646,64.40613654498618
Tirupathur,2018,1072.3371498766887,25.799515917222337,34.126521438910224,18.175693378205253,62.0301789496943,0.5617929705641393,0.3465849815037222,32.3551456201203,0.2040676237644869,13.450557575146664,592.8467972541492,3.1390302721251646,64.40613654498618
Tirupathur,2019,1138.1766012628314,26.2497301484291,33.913482727778074,19.52244098540676,62.37664606872272,0.5181617715111287,0.3256486136136986,34.11049799716896,0.229714967459527,12.917766712407264,574.5567173879939,3.1390302721251646,64.40613654498618
Tirupathur,2020,1294.5740274396965,25.42728261887568,32.87659681943871,18.616655062367204,67.92024202089577,0.6019454663535597,0.3749738547590556,32.99897546378964,0.260174223625509,17.04246074128037,570.2602719504602,3.1390302721251646,64.40613654498618
Tirupathur,2021,1644.306076291421,25.16072846917187,32.98741520508831,18.74152986670276,67.67232519974034,0.6019019063727901,0.3828884548562521,31.78873403223316,0.2687300963946812,18.6843420766333,555.7630563490327,3.1390302721251646,64.40613654498618
Tirupathur,2022,1399.0136970853198,24.89241691991724,32.61347718930634,18.223575177337462,69.59432754815877,0.6312885437501805,0.3959738543251913,30.174739850346068,0.2734295038905338,18.75380972652075,569.4849024761251,3.1390302721251646,64.40613654498618
Tirupathur,2023,1562.458175575337,25.440021822077725,32.92450184777258,18.516851592801988,66.26859226260828,0.6313875977058394,0.3820975043738354,30.62279914378169,0.2525544255557417,17.21972292890839,588.9909864680043,3.1390302721251646,64.40613654498618
Tiruppur,2015,1017.8472725738656,25.852123207491104,33.11630814504809,20.05464488468984,67.5316772088572,0.4655173032714734,0.2938355892690847,35.51322749253376,0.2949749310690868,12.714785061172464,578.3179600205175,2.3711440359547526,72.34953834929071
Tiruppur,2016,476.67052022017697,26.904186441682537,34.696221688384234,20.64487653326248,60.32810617419536,0.4232210646709755,0.2644499171488543,37.029909007983015,0.2243908969488119,10.154971381348547,606.4198305699899,2.3711440359547526,72.34953834929071
Tiruppur,2017,830.9386056427445,26.393345708186345,34.07609353095942,20.512091176207026,63.095939550089255,0.4209263105593549,0.2611598456388669,37.00001253808132,0.2655303401453092,11.392011011121102,575.9175796569405,2.3711440359547526,72.34953834929071
Tiruppur,2018,853.7552618511894,26.206240126439607,33.9825923222809,20.09274366873283,62.61978778536448,0.452353622514544,0.2856503452076235,36.11554305040513,0.266054362699576,11.257160454771125,589.8117449575287,2.3711440359547526,72.34953834929071
Tiruppur,2019,808.2431070164366,26.57155981808025,34.10428434528039,20.74110873005273,62.92400649006535,0.4345754392862381,0.2719655143381749,36.91066439012971,0.2697252697250498,10.932293780333383,571.357660304767,2.3711440359547526,72.34953834929071
Tiruppur,2020,782.0266445714004,26.405085922272946,33.78277915885636,20.465299775659247,64.073935190804,0.4644538006143849,0.289760260649862,36.44468932321824,0.2685651467270983,14.53509818705612,570.0466085927529,2.3711440359547526,72.34953834929071
Tiruppur,2021,1218.5076485540767,25.62534818646113,33.084018118843645,19.775535429787684,68.0216948466132,0.4807553311883027,0.3031311630843227,35.15028068271602,0.3032199837827521,13.919628703319598,556.2716171720708,2.3711440359547526,72.34953834929071
Tiruppur,2022,967.3502116970704,25.71277848910877,33.14595554206401,20.027555068582245,67.61704015059918,0.499221139377451,0.3121196654607059,34.10170101510425,0.2875478565002699,15.5223922391097,566.3788170841298,2.3711440359547526,72.34953834929071
Tiruppur,2023,785.5604321594769,26.43587119706528,34.126236646921875,20.367252063666925,63.14311141218119,0.4774841721940853,0.2993424235062658,35.137784634280095,0.2734011176530503,11.400888984197096,581.97954670816,2.3711440359547526,72.34953834929071
Tiruvannamalai,2015,1479.1263718447285,26.907139271743,34.42455362608621,20.485043946938635,67.61753966713967,0.537454572357241,0.3403553692067123,34.55071232669909,0.2499461363522317,13.228531861670586,568.4905087381737,2.491558880116313,63.69860687911182
Tiruvannamalai,2016,899.7633923835172,27.403871034709585,35.52889405508637,20.160199142848544,63.840163660370486,0.527678403196312,0.33137456218507,34.5755014770541,0.2105213288052394,11.627760999934456,599.439279896429,2.491558880116313,63.69860687911182
Tiruvannamalai,2017,1388.7238692373303,27.13071315919633,35.05986574878339,20.656877260220853,66.49077666765999,0.5173497081980291,0.3260163261980234,35.194746717518946,0.2471583991575617,12.14522202887677,570.1646151520038,2.491558880116313,63.69860687911182
Tiruvannamalai,2018,1106.2391530452066,27.146369984241808,35.47208856159897,19.78171821732617,63.839276674018016,0.5234517248020167,0.3339975125765388,33.84806154875556,0.2075323808252905,11.291572274702338,585.8693655822941,2.491558880116313,63.69860687911182
Tiruvannamalai,2019,1149.6600268133334,27.54483294795409,35.33009302620275,21.00406311336927,64.46198537357148,0.4985192587952295,0.3171718997604837,35.362373552984046,0.2330995421435525,11.321556153710448,572.414875778,2.491558880116313,63.69860687911182
Tiruvannamalai,2020,1426.413109061373,26.794578699195025,34.073899679792795,20.172176667151028,69.66698749344833,0.558573038602865,0.3515979544053285,34.126039785007194,0.2572381328402285,14.709123047584004,564.5730510265087,2.491558880116313,63.69860687911182
Tiruvannamalai,2021,1779.501349285073,26.6097658013049,34.27203864750286,20.399860190622093,69.15583341062994,0.5645067782254303,0.3558942889577772,33.0234703808656,0.2689322760425903,15.958535576400076,555.6753929493207,2.491558880116313,63.69860687911182
Tiruvannamalai,2022,1389.4834232949945,26.48132995837837,34.23046194976174,19.909321609873917,70.14339167739104,0.5783390624908716,0.3612032102274925,31.94947678266134,0.2643864672577586,15.772981096376888,563.9339517619898,2.491558880116313,63.69860687911182
Tiruvannamalai,2023,1482.6818765449152,27.04413016425463,34.53689142690966,20.2974685247566,67.26834678910637,0.5890816460767944,0.3654333328370672,32.23342223606991,0.2480109309641949,14.501992017132237,580.1743588365281,2.491558880116313,63.69860687911182
Tuticorin,2015,1104.1284330562353,27.82564018846876,34.55145616937137,22.54881666209808,69.75729782794218,0.424273872949045,0.2633399427555213,38.225934807927686,0.2561891261831651,14.063087345746109,569.4014597530169,2.4560618555549567,71.20187047423786
Tuticorin,2016,488.7864680014815,28.730803925470504,35.85781292521677,23.087239942230894,64.1877280501504,0.394175175795248,0.2426298251936845,39.53305131724501,0.2027124378805011,10.534553400644766,602.0056033283457,2.4560618555549567,71.20187047423786
Tuticorin,2017,723.8538349842179,28.48821177389934,35.7316243470236,22.90376778992509,65.04173714269025,0.3353568535568417,0.2038740064733333,41.28571560169401,0.2234597741910585,11.025445265777702,589.1753870247073,2.4560618555549567,71.20187047423786
Tuticorin,2018,787.8225462867655,27.867894399410904,34.90935449350313,22.54576780158523,67.57436598211088,0.4036106047992081,0.2583906834731641,38.44254971922281,0.2378543429556135,11.64485614953174,581.5313348740011,2.4560618555549567,71.20187047423786
Tuticorin,2019,1001.5688971696404,28.38303131040344,35.22681480906455,23.1831090612726,67.0275025947105,0.3537277240030287,0.2275281965582865,39.70781107537669,0.2308135120918402,10.617802457821634,572.9271568926395,2.4560618555549567,71.20187047423786
Tuticorin,2020,741.5064210085744,28.402685581536883,35.60473015313083,22.922100160866943,66.42900019471017,0.3992111598924984,0.2483277251273856,38.74431581971505,0.2218167339633289,11.828269919106017,574.1674493983571,2.4560618555549567,71.20187047423786
Tuticorin,2021,1193.9404004359424,27.771628905811955,34.78698070684129,22.128789950317337,68.83855237216494,0.4418066125500191,0.276717498783494,37.4388558822,0.2530853625110694,15.454131623708422,561.9251188517375,2.4560618555549567,71.20187047423786
Tuticorin,2022,768.3564034421763,27.937753696303137,35.29182143535168,22.57806313902468,68.16144535157075,0.4377951058679747,0.2768193790587142,37.29829686114069,0.2463785427217276,13.588913811430462,572.1574572489967,2.4560618555549567,71.20187047423786
Tuticorin,2023,934.383665288422,28.2473573085456,35.279676611076184,23.044169720208764,67.57320030223188,0.4020067144311998,0.2521032734606852,37.96182063689335,0.2523317370179696,10.675095848911312,571.2200360940162,2.4560618555549567,71.20187047423786
Vellore,2015,1259.8347488739355,26.11559853594809,33.70364603872955,19.35823322054313,65.66045345979616,0.5582402125579138,0.3527097821095081,33.78459113324206,0.2626789352082185,13.509539784284948,575.2322532898127,2.632641992836948,65.27573893770965
Vellore,2016,830.1816154690363,26.76680471060559,35.25432829382504,19.235395575699723,60.35287705715383,0.5692995207510745,0.3505559549382217,33.70420411659864,0.2192649132053886,12.61894259713296,599.8956739875614,2.632641992836948,65.27573893770965
Vellore,2017,1285.806836635346,26.41675890995132,34.40937730157534,19.417660454821565,63.52377386548573,0.5784332053615305,0.3546999355998443,33.28677560147306,0.2608373771388304,13.475561521849194,573.4541158126599,2.632641992836948,65.27573893770965
Vellore,2018,983.1847437213048,26.355141197438105,34.73116974465244,18.68484411084753,61.61412501769844,0.5788909112606809,0.3604168655872228,32.59120638586536,0.2178484476463378,12.424884265822357,589.3150413312516,2.632641992836948,65.27573893770965
Vellore,2019,1104.761076875815,26.828283261971063,34.58473777458958,20.01437426098675,61.91146940560489,0.5371856746155623,0.3397728403865031,34.18862339497124,0.248107111056444,13.023505517611223,571.2207068685868,2.632641992836948,65.27573893770965
Vellore,2020,1368.5649454872091,26.07106240179843,33.456017823427544,19.213299001902318,67.17377899552287,0.5920534245585108,0.3730647606818035,33.376252509064514,0.2718957075250425,16.02100999758562,566.3017497496184,2.632641992836948,65.27573893770965
Vellore,2021,1608.6448698121426,25.80334032262721,33.58564160912675,19.219471520045683,66.78602372272033,0.610637254796292,0.3895119459224654,32.1997743079031,0.2804396011675153,17.752285083112984,556.5999385875376,2.632641992836948,65.27573893770965
Vellore,2022,1449.6217692022983,25.681310304611035,33.53402081804703,18.815988587547317,67.72296859783391,0.6293641652757199,0.3895834619731256,30.69430851210929,0.2782121084955432,17.2661808267538,569.2590668750072,2.632641992836948,65.27573893770965
Vellore,2023,1456.0100874045538,26.293721694977947,33.91509872339241,19.191974447482814,64.08754917651501,0.6280003315358681,0.3857330910895649,31.28344979639055,0.2538954727898973,15.74926344169016,583.9530695096975,2.632641992836948,65.27573893770965
Villupuram,2015,1662.3004982725472,27.77623956081732,34.86487195375798,21.81991544423385,69.11457398150338,0.5182782545743471,0.3352487168343601,35.25300268742982,0.2437351736245933,12.94392396989498,569.2762008136316,2.220466152154804,64.45141588002994
Villupuram,2016,841.707007230805,28.170018660951182,35.60860491984084,21.47782077097317,66.65755329876362,0.5185590630762298,0.3322913037013113,35.14252249626069,0.2077986978628198,11.432524017528534,599.0490795961026,2.220466152154804,64.45141588002994
Villupuram,2017,1419.9159682375596,27.890313384822395,35.35029437767986,22.098758931805584,69.10648703957088,0.5005950082716131,0.3269250036330464,36.42592706299994,0.2477175802805294,11.925557523351776,572.1106874965345,2.220466152154804,64.45141588002994
Villupuram,2018,1108.1052255435077,27.87773126363891,35.558923087704684,21.33102510031776,66.77308662982837,0.4830580567628924,0.3125264621832818,35.15774766069059,0.2074816625427524,10.477926381425696,587.0077161970354,2.220466152154804,64.45141588002994
Villupuram,2019,1141.2057270417033,28.25132130968397,35.59076856054267,22.24996511140135,67.54834784635318,0.4917157327760593,0.3186301043705071,35.858907717854905,0.2310395492999855,11.146016300801264,580.0620832990755,2.220466152154804,64.45141588002994
Villupuram,2020,1439.4247374031656,27.56695994622187,34.25749690358362,21.526756198915955,71.8136296699312,0.5226710516765264,0.3308904158273648,34.8155012019032,0.255592671867189,13.29946122265339,567.0658429282249,2.220466152154804,64.45141588002994
Villupuram,2021,1890.083297882598,27.453494778115456,34.65042845214579,21.7817414900446,71.07604588402718,0.5375475555423134,0.3406410778182025,33.75735445906318,0.2642004968701714,14.564164998025438,560.1882543240456,2.220466152154804,64.45141588002994
Villupuram,2022,1329.0138554202138,27.390958131929946,34.63369197362924,21.29720593100627,71.67819927653802,0.5350597978093664,0.3453859026196378,33.41073864039308,0.253336546775548,14.506417973393342,567.4418707074194,2.220466152154804,64.45141588002994
Villupuram,2023,1445.9964032768753,27.839332031417324,34.94889347313974,21.48402326855358,69.8699083189548,0.5435418770558204,0.3499094201183062,33.74500050819351,0.2433843910817183,13.476793744333776,579.8909040686468,2.220466152154804,64.45141588002994
Virudhunagar,2015,1294.3677388304714,27.440436333937857,35.20231829939779,20.97007590908016,67.38637098439797,0.4488173465362515,0.2824862936017565,38.28987532023081,0.3350351429684339,12.903144893595726,572.4420059351443,2.370704168459656,71.54183224326282
Virudhunagar,2016,662.7735052140662,28.58890789549739,37.12863423147964,21.57014912343412,60.21943347569128,0.4240109779715452,0.2662178398758604,39.16826061463205,0.2748155241980811,10.057416721730892,606.4394789735733,2.370704168459656,71.54183224326282
Virudhunagar,2017,1003.497139473945,28.193240552538988,36.72897462605206,21.64388243363118,62.12457366543683,0.419493090747997,0.2626047981595296,39.699063267101785,0.3108336002039016,11.05630940855122,583.165584277037,2.370704168459656,71.54183224326282
Virudhunagar,2018,1078.728794589651,27.640148368911987,36.05570085983442,21.22277062866786,64.09919690191644,0.4359733973880773,0.280197035506657,38.15394250902673,0.314090471928551,11.369328769134802,584.912588215822,2.370704168459656,71.54183224326282
Virudhunagar,2019,1138.769348283663,28.10801705378197,36.11374266864389,21.90078195392312,63.696813180523385,0.392879814643734,0.2544671708172691,39.85948009411525,0.309613620818882,10.049405826139996,575.0779833124715,2.370704168459656,71.54183224326282
Virudhunagar,2020,1177.7441870346709,28.11650830296012,36.48679698582605,21.53285825650261,63.71414961362834,0.4487759261131743,0.2833639836407299,38.33614053959983,0.3041767319681095,12.148515739077247,571.3700813460446,2.370704168459656,71.54183224326282
Virudhunagar,2021,1523.6314548868345,27.293017311517183,35.31920594744637,20.62203112748623,67.42555782637194,0.4836551263676812,0.3080994306792907,37.09029072436852,0.3365583101237725,14.418657678200178,561.0929870633823,2.370704168459656,71.54183224326282
Virudhunagar,2022,1244.2663570410173,27.44385909840022,35.8110584822634,21.183642811765136,66.95345524844545,0.4941897497706231,0.3131228402854808,36.09963011707025,0.3296189911406179,13.87845312253314,569.2990299353118,2.370704168459656,71.54183224326282
Virudhunagar,2023,1210.146681449779,27.843590904416384,35.90302083555081,21.65170248287433,65.23339801473784,0.480454317140405,0.2987937489234126,36.61459326074659,0.3300974036088037,11.54321372463117,574.0220517266566,2.370704168459656,71.54183224326282
