State,District,Year,Rainfall_mm,Avg_Temperature_C,Max_Temperature_C,Min_Temperature_C,Relative_Humidity_Percent,NDVI,EVI,LST_C,Soil_Moisture,Evapotranspiration_mm,Solar_Radiation_MJ,Soil_Organic_Carbon,Soil_pH
Tamil Nadu,Ariyalur,2026,265.78357698746584,28.532772289240384,36.418858517029086,21.4569744545168,63.77383224050784,0.5526405625326257,0.342211989152107,30.54333734030633,0.2451652318124547,13.27507553,625.7831182953493,2.016042253663466,65.12647689881294
Tamil Nadu,Chennai,2026,128.74995944269943,28.52129626886781,35.221559799681,22.411081659226205,67.81387967510183,0.351519863376358,0.1938678135059955,31.54733793424454,0.1684407102572582,10.9650817,239.492412460314,3.004824363143772,60.16958094343589
Tamil Nadu,Coimbatore,2026,305.0470551897224,25.54809718084081,33.305604349312524,19.604354143569743,65.09610109469224,0.5631520441303031,0.3321882278759765,28.61574198794984,0.2851703012249204,19.49708551,610.6851404128048,3.432058930420283,64.39547717645046
Tamil Nadu,Cuddalore,2026,240.96524795724648,28.37506511469605,35.75203479723438,21.593800432300867,65.97450545168999,0.5396061667973565,0.3335076602913114,30.277922821248417,0.2147685369499754,13.28213183,624.568312452238,2.109743805645273,63.10862714590414
Tamil Nadu,Dharmapuri,2026,318.3741525577828,26.778109309858944,34.82710944007687,19.39531598336061,56.34898558060618,0.5345722930286247,0.3058393243654871,29.35109524165184,0.1764219200319347,14.7474583,648.6545652375587,2.8229255151258865,65.15291570269339
Tamil Nadu,Dindigul,2026,309.3812087552817,26.325521539949666,34.124826612866784,19.523564953595184,61.131395178799465,0.5788333150014008,0.3316530444633387,29.182824400701342,0.2191270308911749,16.70168628,640.1035047194019,3.4257467803943413,65.17400940064678
Tamil Nadu,Erode,2026,273.72078224830955,26.4867896410804,34.43787429823109,19.605322871253907,60.24288474743762,0.5604298977317136,0.331441113238021,29.207280374528946,0.213193875746663,16.08922396,636.9139622857144,2.8040441920146253,66.8165330004805
Tamil Nadu,Kanniyakumari,2026,503.178258703969,26.614887943758436,32.55108630474063,21.827936720454453,72.66144772253566,0.7118264601164336,0.4317442213787912,27.276153405904044,0.2470529725002912,26.07027986,594.3227350551099,5.207516625323451,54.696962680022274
Tamil Nadu,Karur,2026,199.5600443160968,28.703532391327965,37.08464762304472,21.555834012868388,55.99027407411113,0.4339902996801609,0.2637652509398146,32.87369436894982,0.1639981042270626,11.80733776,653.024304325523,2.038735010690178,73.06846883228992
Tamil Nadu,Madurai,2026,297.14965030799146,28.414268353270817,36.95324500297816,20.949229051659174,57.093389690687225,0.5218253557845124,0.3167505501602909,31.39507692184711,0.2208836937197983,13.86722595,637.1166279313703,2.4931344885968376,67.22181524510293
Tamil Nadu,The Nilgiris,2026,495.8493555420133,20.53939885921414,28.083548600079908,14.52654126218821,70.91526853354577,0.7042060501815838,0.3739883250476604,22.43311671903331,0.3031521828311118,25.37972386,613.3067172858661,7.409597687957143,53.02464858381027
Tamil Nadu,Namakkal,2026,268.42313828002113,27.75101577704119,35.84558860476024,20.728560261131268,58.3160934503555,0.517107207493022,0.3032448232306515,30.970382138893275,0.171151661422938,13.7144051,650.9858586036993,2.6639191055390987,67.75847776331976
Tamil Nadu,Perambalur,2026,272.86565200322536,28.08763456202456,36.13525518805473,20.706091546738104,61.78688026406616,0.4755426602496019,0.2832876288433249,32.079431522394195,0.2008529428293946,12.00109693,636.9865106924613,2.2944396249862486,69.29183493927478
Tamil Nadu,Ramanathapuram,2026,178.5924234464341,28.7602916079108,35.25491014089884,22.924730388514487,66.08972363989726,0.4419585648399753,0.2733523349804118,32.535770356351414,0.1452072280745709,13.86153658,598.397544226739,2.162025769712997,69.13248544031066
Tamil Nadu,Salem,2026,327.59308627859247,27.096630587843247,35.13662458567082,20.049048377261787,58.99338796074927,0.5619094560189913,0.3252697061161593,29.114154711067016,0.1755499689597618,15.62234941,644.8082886432746,3.146158412721713,63.68020065912155
Tamil Nadu,Sivaganga,2026,283.2870538596239,28.62736568993915,36.50236959954006,21.85943831431417,63.059699179130334,0.4896648384229564,0.2996747814543513,31.83245352297074,0.1722852833820358,12.99894498,630.8788967315438,2.0093957442219126,68.12374452416685
Tamil Nadu,Theni,2026,421.75611011910814,25.21745544538329,33.211265540250764,17.98780512245377,62.72781840698885,0.6087704468469982,0.3610616185376986,27.8541688229759,0.2184660904900754,18.82541285,627.72426409081,3.683407865375043,61.978880791352
Tamil Nadu,Thiruvarur,2026,248.025971126156,28.27896060381786,34.69392996980416,22.434945313187704,69.53012224140912,0.5381785126808843,0.3327969457828913,29.752279301211257,0.1973706387363232,16.67063669,618.7010427559712,2.1994022653169925,62.53045078311774
Tamil Nadu,Tiruchirappalli,2026,273.27704191664026,28.38695473711016,36.54785769129654,21.12858476030522,59.30807723872292,0.4995998500568025,0.3071549342255643,31.60282214251908,0.2185217438953072,13.24003609,642.0121314271338,2.309837320093999,68.23733050632092
Tamil Nadu,Tirunelveli,2026,362.8085593742487,27.383738635609923,35.02530846819232,21.403951508398148,66.82009098155574,0.5330886627400258,0.3257798479330301,30.221839527956345,0.1865002163574971,19.88798409,631.1856467142371,3.179404481065214,65.88034928577328
Tamil Nadu,Tiruppur,2026,226.64577456698643,27.137232956498288,35.235743362056084,20.47624584276861,57.977006941386655,0.4734091822772615,0.2749940321255142,31.321146572995605,0.2068815543943085,13.54481003,637.9337762540079,2.3711440359547526,72.34953834929071
Tamil Nadu,Thiruvallur,2026,149.1076984072792,28.58780095355053,36.51016415900163,21.37140133237516,63.30397395810876,0.4886076742798699,0.2896165021769488,30.69868624798391,0.1855515557134696,12.32276271,606.8692042845095,2.0921543893495134,63.21586121944618
Tamil Nadu,Tiruvannamalai,2026,293.3403559204431,27.709776264166667,36.04732058532083,20.167200832795004,61.21873835517688,0.5419990037632635,0.3238869326029214,30.147269749690217,0.1756868975749379,12.96895331,637.4090557003008,2.491558880116313,63.69860687911182
Tamil Nadu,Vellore,2026,244.9850314484372,27.32440824611657,35.94356251285085,19.237955832113887,56.32854603740248,0.5722262933287692,0.328741819165127,29.186838372761347,0.1854808447757549,13.55974065,644.297767834917,2.632641992836948,65.27573893770965
Tamil Nadu,Virudhunagar,2026,308.59486179074435,28.779408447488464,37.45837423211489,21.52011872763394,58.08418288474459,0.4687828968924615,0.2884512145326955,32.89399838127046,0.2580565405903666,13.31470753,640.544568035298,2.370704168459656,71.54183224326282
Tamil Nadu,Krishnagiri,2026,352.0686989424795,25.68907549530864,33.74639755883359,18.01456059653517,56.3745655311812,0.5048288482343478,0.2897721439612368,28.955771914108333,0.195189962841586,13.9462349,648.3102633794955,2.501897706203809,64.8366831243311
Tamil Nadu,Nagapattinam,2026,222.83166901407492,28.16538546933713,32.276635013673065,24.139800178357632,73.40230350539782,0.4882991909795449,0.3015109777175165,30.27872788649841,0.1585422466509677,17.27659978,613.5338162183839,2.4227269586520537,62.24747807820013
Tamil Nadu,Thanjavur,2026,261.9638484093959,28.41267926176325,35.76766449204067,21.785962921017127,66.36053266197491,0.5842124762226377,0.364142459397442,29.47746260733421,0.1854756037167395,15.75933374,617.9253486007182,2.2276731934208973,62.55564561364164
Tamil Nadu,Pudukkottai,2026,271.6809894971569,28.29164570892329,35.83444106219667,21.607304996573266,64.96696426826867,0.5024031175094271,0.3081892653873207,31.167934242927718,0.2068698651706276,13.46447576,629.6296872911239,2.091620332492388,65.49521909573329
Tamil Nadu,Chengalpattu,2026,141.2424340062967,28.23595107580181,34.687347789334915,22.39843252544464,69.4484664095825,0.504118429473699,0.3007063049348604,30.602420315775067,0.1633666890281766,13.35820996,574.876126685051,2.849052565762864,61.94218740143459
Tamil Nadu,Ranipet,2026,171.31894049509327,28.502636311914763,37.17359736359515,20.539092841740853,58.97787283860509,0.5122805578371465,0.3162569877598348,30.521604247331027,0.17241756821963,11.19308977,636.493864143916,1.94023921649422,64.41164507251942
Tamil Nadu,Tenkasi,2026,431.64049922849625,27.309998362340945,35.81524382662961,20.607206556757724,63.112510936769176,0.549556741292865,0.3456202173258668,30.12553268593231,0.2135922010675919,18.15949146,628.8113690415784,2.7184397253669057,65.85546065360013
Tamil Nadu,Mayiladuthurai,2026,202.06765693884995,28.30428342906759,33.81409401130761,23.10436046600898,69.88649564090113,0.580000305026551,0.353406536890396,29.5092506540564,0.2075492803140238,16.51960084,605.8208309334934,2.2102333901610884,62.24566047506966
Tamil Nadu,Tuticorin,2026,210.0617181214218,28.8324917896117,36.07897885242764,22.777086678560124,62.73099637148656,0.4315422561714798,0.2612223294428582,33.22445503700324,0.180466631513295,13.9459011,628.7496347563848,2.4560618555549567,71.20187047423786
Tamil Nadu,Villupuram,2026,224.6519596918252,28.276808618360064,35.89629512556432,21.37248336117501,65.24147676600161,0.5424633551103669,0.3357370003953313,30.43583587510156,0.1812793642535519,12.71503285,633.1394810035185,2.220466152154804,64.45141588002994
Tamil Nadu,Kanchipuram,2026,150.02274717808774,28.48213458678466,36.55860257025504,21.44894905909485,64.21879237909833,0.4755519573437296,0.2842019103799286,30.8721121342874,0.1746436340334129,12.01515923,614.7111287843012,2.437280629012983,62.96651655514077
Tamil Nadu,Kallakurichi,2026,309.4604038236777,27.816294259449133,35.93069799223148,20.2664698306102,62.33930690738521,0.5597454813269458,0.3448516580049256,30.3019248133939,0.1775989504023016,13.33308418,637.6748761216181,2.3731310444032574,63.99790890774267
Tamil Nadu,Tirupathur,2026,368.4054903721808,26.42722542657853,34.84372536227718,18.783136558009023,58.39207877600742,0.5698147184664739,0.3240510186644624,28.683457892363105,0.175921532660415,14.25960829,648.7760617260659,3.1390302721251646,64.40613654498618
