system:index,District,Max_Temperature_C,Year,.geo
1_1_1_1_1_1_1_1_2_00000000000000000000,Ariyalur,35.4007722364139,2015,"{""type"":""MultiPoint"",""coordinates"":[]}"
1_1_1_1_1_1_1_1_2_00000000000000000002,Chennai,34.1211285465719,2015,"{""type"":""MultiPoint"",""coordinates"":[]}"
1_1_1_1_1_1_1_1_2_00000000000000000003,Coimbatore,31.495006445464384,2015,"{""type"":""MultiPoint"",""coordinates"":[]}"
1_1_1_1_1_1_1_1_2_00000000000000000004,Cuddalore,34.76557973316303,2015,"{""type"":""MultiPoint"",""coordinates"":[]}"
1_1_1_1_1_1_1_1_2_00000000000000000005,Dharmapuri,33.09542510202169,2015,"{""type"":""MultiPoint"",""coordinates"":[]}"
1_1_1_1_1_1_1_1_2_00000000000000000006,Dindigul,32.49344658925394,2015,"{""type"":""MultiPoint"",""coordinates"":[]}"
1_1_1_1_1_1_1_1_2_00000000000000000007,Erode,32.56946744932379,2015,"{""type"":""MultiPoint"",""coordinates"":[]}"
1_1_1_1_1_1_1_1_2_00000000000000000009,Kanniyakumari,31.047344938115284,2015,"{""type"":""MultiPoint"",""coordinates"":[]}"
1_1_1_1_1_1_1_1_2_0000000000000000000a,Karur,35.427293483412065,2015,"{""type"":""MultiPoint"",""coordinates"":[]}"
1_1_1_1_1_1_1_1_2_0000000000000000000b,Madurai,34.76088839542477,2015,"{""type"":""MultiPoint"",""coordinates"":[]}"
1_1_1_1_1_1_1_1_2_0000000000000000000c,The Nilgiris,26.97341000465873,2015,"{""type"":""MultiPoint"",""coordinates"":[]}"
1_1_1_1_1_1_1_1_2_0000000000000000000d,Namakkal,33.980794905407926,2015,"{""type"":""MultiPoint"",""coordinates"":[]}"
1_1_1_1_1_1_1_1_2_0000000000000000000e,Perambalur,34.79582566851764,2015,"{""type"":""MultiPoint"",""coordinates"":[]}"
1_1_1_1_1_1_1_1_2_0000000000000000000f,Ramanathapuram,33.94899321453394,2015,"{""type"":""MultiPoint"",""coordinates"":[]}"
1_1_1_1_1_1_1_1_2_00000000000000000011,Salem,33.31716661466829,2015,"{""type"":""MultiPoint"",""coordinates"":[]}"
1_1_1_1_1_1_1_1_2_00000000000000000012,Sivaganga,34.9646407468205,2015,"{""type"":""MultiPoint"",""coordinates"":[]}"
1_1_1_1_1_1_1_1_2_00000000000000000013,Theni,31.32631581147344,2015,"{""type"":""MultiPoint"",""coordinates"":[]}"
1_1_1_1_1_1_1_1_2_00000000000000000015,Thiruvarur,34.418273591459986,2015,"{""type"":""MultiPoint"",""coordinates"":[]}"
1_1_1_1_1_1_1_1_2_00000000000000000016,Tiruchirappalli,35.10964159895647,2015,"{""type"":""MultiPoint"",""coordinates"":[]}"
1_1_1_1_1_1_1_1_2_00000000000000000017,Tirunelveli,33.353466985892254,2015,"{""type"":""MultiPoint"",""coordinates"":[]}"
1_1_1_1_1_1_1_1_2_00000000000000000018,Tiruppur,33.11630814504809,2015,"{""type"":""MultiPoint"",""coordinates"":[]}"
1_1_1_1_1_1_1_1_2_0000000000000000001a,Thiruvallur,34.853259224841416,2015,"{""type"":""MultiPoint"",""coordinates"":[]}"
1_1_1_1_1_1_1_1_2_0000000000000000001b,Tiruvannamalai,34.42455362608621,2015,"{""type"":""MultiPoint"",""coordinates"":[]}"
1_1_1_1_1_1_1_1_2_0000000000000000001d,Vellore,33.70364603872955,2015,"{""type"":""MultiPoint"",""coordinates"":[]}"
1_1_1_1_1_1_1_1_2_0000000000000000001f,Virudhunagar,35.20231829939779,2015,"{""type"":""MultiPoint"",""coordinates"":[]}"
1_1_1_1_1_1_1_1_2_00000000000000000020,Krishnagiri,31.988413744322035,2015,"{""type"":""MultiPoint"",""coordinates"":[]}"
1_1_1_1_1_1_1_1_2_00000000000000000021,Nagapattinam,32.03145558698844,2015,"{""type"":""MultiPoint"",""coordinates"":[]}"
1_1_1_1_1_1_1_1_2_00000000000000000024,Thanjavur,35.0451385887055,2015,"{""type"":""MultiPoint"",""coordinates"":[]}"
1_1_1_1_1_1_1_1_2_00000000000000000025,Pudukkottai,34.69807108216368,2015,"{""type"":""MultiPoint"",""coordinates"":[]}"
1_1_1_1_1_1_1_1_2_00000000000000000001,Chengalpattu,33.764751400457385,2015,"{""type"":""MultiPoint"",""coordinates"":[]}"
1_1_1_1_1_1_1_1_2_00000000000000000010,Ranipet,35.14167590596223,2015,"{""type"":""MultiPoint"",""coordinates"":[]}"
1_1_1_1_1_1_1_1_2_00000000000000000014,Tenkasi,33.79113101670989,2015,"{""type"":""MultiPoint"",""coordinates"":[]}"
1_1_1_1_1_1_1_1_2_00000000000000000022,Mayiladuthurai,33.28927001565586,2015,"{""type"":""MultiPoint"",""coordinates"":[]}"
1_1_1_1_1_1_1_1_2_0000000000000000001c,Tuticorin,34.55145616937137,2015,"{""type"":""MultiPoint"",""coordinates"":[]}"
1_1_1_1_1_1_1_1_2_0000000000000000001e,Villupuram,34.86487195375798,2015,"{""type"":""MultiPoint"",""coordinates"":[]}"
1_1_1_1_1_1_1_1_2_00000000000000000023,Kanchipuram,35.112284617362526,2015,"{""type"":""MultiPoint"",""coordinates"":[]}"
1_1_1_1_1_1_1_1_2_00000000000000000008,Kallakurichi,34.49253547407404,2015,"{""type"":""MultiPoint"",""coordinates"":[]}"
1_1_1_1_1_1_1_1_2_00000000000000000019,Tirupathur,33.12571024003057,2015,"{""type"":""MultiPoint"",""coordinates"":[]}"
1_1_1_1_1_1_1_2_00000000000000000000,Ariyalur,36.48731213905636,2016,"{""type"":""MultiPoint"",""coordinates"":[]}"
1_1_1_1_1_1_1_2_00000000000000000002,Chennai,34.2996545743019,2016,"{""type"":""MultiPoint"",""coordinates"":[]}"
1_1_1_1_1_1_1_2_00000000000000000003,Coimbatore,32.58882381942606,2016,"{""type"":""MultiPoint"",""coordinates"":[]}"
1_1_1_1_1_1_1_2_00000000000000000004,Cuddalore,35.786644210459194,2016,"{""type"":""MultiPoint"",""coordinates"":[]}"
1_1_1_1_1_1_1_2_00000000000000000005,Dharmapuri,34.40157412063587,2016,"{""type"":""MultiPoint"",""coordinates"":[]}"
1_1_1_1_1_1_1_2_00000000000000000006,Dindigul,34.12340811322213,2016,"{""type"":""MultiPoint"",""coordinates"":[]}"
1_1_1_1_1_1_1_2_00000000000000000007,Erode,34.20762661306795,2016,"{""type"":""MultiPoint"",""coordinates"":[]}"
1_1_1_1_1_1_1_2_00000000000000000009,Kanniyakumari,32.11199151043918,2016,"{""type"":""MultiPoint"",""coordinates"":[]}"
1_1_1_1_1_1_1_2_0000000000000000000a,Karur,37.120978303092656,2016,"{""type"":""MultiPoint"",""coordinates"":[]}"
1_1_1_1_1_1_1_2_0000000000000000000b,Madurai,36.81397096768976,2016,"{""type"":""MultiPoint"",""coordinates"":[]}"
1_1_1_1_1_1_1_2_0000000000000000000c,The Nilgiris,27.53565902573774,2016,"{""type"":""MultiPoint"",""coordinates"":[]}"
1_1_1_1_1_1_1_2_0000000000000000000d,Namakkal,35.6529029408358,2016,"{""type"":""MultiPoint"",""coordinates"":[]}"
1_1_1_1_1_1_1_2_0000000000000000000e,Perambalur,36.008721797916856,2016,"{""type"":""MultiPoint"",""coordinates"":[]}"
1_1_1_1_1_1_1_2_0000000000000000000f,Ramanathapuram,35.54028241885839,2016,"{""type"":""MultiPoint"",""coordinates"":[]}"
1_1_1_1_1_1_1_2_00000000000000000011,Salem,34.81650866732042,2016,"{""type"":""MultiPoint"",""coordinates"":[]}"
1_1_1_1_1_1_1_2_00000000000000000012,Sivaganga,36.94782789224702,2016,"{""type"":""MultiPoint"",""coordinates"":[]}"
1_1_1_1_1_1_1_2_00000000000000000013,Theni,32.83298567250273,2016,"{""type"":""MultiPoint"",""coordinates"":[]}"
1_1_1_1_1_1_1_2_00000000000000000015,Thiruvarur,35.59147522437708,2016,"{""type"":""MultiPoint"",""coordinates"":[]}"
1_1_1_1_1_1_1_2_00000000000000000016,Tiruchirappalli,36.6538811587566,2016,"{""type"":""MultiPoint"",""coordinates"":[]}"
1_1_1_1_1_1_1_2_00000000000000000017,Tirunelveli,34.617888578179496,2016,"{""type"":""MultiPoint"",""coordinates"":[]}"
1_1_1_1_1_1_1_2_00000000000000000018,Tiruppur,34.696221688384234,2016,"{""type"":""MultiPoint"",""coordinates"":[]}"
1_1_1_1_1_1_1_2_0000000000000000001a,Thiruvallur,35.49931151580656,2016,"{""type"":""MultiPoint"",""coordinates"":[]}"
1_1_1_1_1_1_1_2_0000000000000000001b,Tiruvannamalai,35.52889405508637,2016,"{""type"":""MultiPoint"",""coordinates"":[]}"
1_1_1_1_1_1_1_2_0000000000000000001d,Vellore,35.25432829382504,2016,"{""type"":""MultiPoint"",""coordinates"":[]}"
1_1_1_1_1_1_1_2_0000000000000000001f,Virudhunagar,37.12863423147964,2016,"{""type"":""MultiPoint"",""coordinates"":[]}"
1_1_1_1_1_1_1_2_00000000000000000020,Krishnagiri,33.212212114570185,2016,"{""type"":""MultiPoint"",""coordinates"":[]}"
1_1_1_1_1_1_1_2_00000000000000000021,Nagapattinam,33.08276749376004,2016,"{""type"":""MultiPoint"",""coordinates"":[]}"
1_1_1_1_1_1_1_2_00000000000000000024,Thanjavur,36.401420638782085,2016,"{""type"":""MultiPoint"",""coordinates"":[]}"
1_1_1_1_1_1_1_2_00000000000000000025,Pudukkottai,36.407697294557906,2016,"{""type"":""MultiPoint"",""coordinates"":[]}"
1_1_1_1_1_1_1_2_00000000000000000001,Chengalpattu,34.17877669646363,2016,"{""type"":""MultiPoint"",""coordinates"":[]}"
1_1_1_1_1_1_1_2_00000000000000000010,Ranipet,36.3065751505718,2016,"{""type"":""MultiPoint"",""coordinates"":[]}"
1_1_1_1_1_1_1_2_00000000000000000014,Tenkasi,35.16649185558252,2016,"{""type"":""MultiPoint"",""coordinates"":[]}"
1_1_1_1_1_1_1_2_00000000000000000022,Mayiladuthurai,34.27716014787568,2016,"{""type"":""MultiPoint"",""coordinates"":[]}"
1_1_1_1_1_1_1_2_0000000000000000001c,Tuticorin,35.85781292521677,2016,"{""type"":""MultiPoint"",""coordinates"":[]}"
1_1_1_1_1_1_1_2_0000000000000000001e,Villupuram,35.60860491984084,2016,"{""type"":""MultiPoint"",""coordinates"":[]}"
1_1_1_1_1_1_1_2_00000000000000000023,Kanchipuram,35.71759516730026,2016,"{""type"":""MultiPoint"",""coordinates"":[]}"
1_1_1_1_1_1_1_2_00000000000000000008,Kallakurichi,35.57741115369355,2016,"{""type"":""MultiPoint"",""coordinates"":[]}"
1_1_1_1_1_1_1_2_00000000000000000019,Tirupathur,34.68151642781278,2016,"{""type"":""MultiPoint"",""coordinates"":[]}"
1_1_1_1_1_1_2_00000000000000000000,Ariyalur,35.899501304179005,2017,"{""type"":""MultiPoint"",""coordinates"":[]}"
1_1_1_1_1_1_2_00000000000000000002,Chennai,34.534093992523005,2017,"{""type"":""MultiPoint"",""coordinates"":[]}"
1_1_1_1_1_1_2_00000000000000000003,Coimbatore,32.32889651751285,2017,"{""type"":""MultiPoint"",""coordinates"":[]}"
1_1_1_1_1_1_2_00000000000000000004,Cuddalore,35.30272135018423,2017,"{""type"":""MultiPoint"",""coordinates"":[]}"
1_1_1_1_1_1_2_00000000000000000005,Dharmapuri,33.626203222374,2017,"{""type"":""MultiPoint"",""coordinates"":[]}"
1_1_1_1_1_1_2_00000000000000000006,Dindigul,33.26758539396711,2017,"{""type"":""MultiPoint"",""coordinates"":[]}"
1_1_1_1_1_1_2_00000000000000000007,Erode,33.240194771572284,2017,"{""type"":""MultiPoint"",""coordinates"":[]}"
1_1_1_1_1_1_2_00000000000000000009,Kanniyakumari,31.91473661195895,2017,"{""type"":""MultiPoint"",""coordinates"":[]}"
1_1_1_1_1_1_2_0000000000000000000a,Karur,36.261964650341575,2017,"{""type"":""MultiPoint"",""coordinates"":[]}"
1_1_1_1_1_1_2_0000000000000000000b,Madurai,36.110399161093426,2017,"{""type"":""MultiPoint"",""coordinates"":[]}"
1_1_1_1_1_1_2_0000000000000000000c,The Nilgiris,27.070281201898037,2017,"{""type"":""MultiPoint"",""coordinates"":[]}"
1_1_1_1_1_1_2_0000000000000000000d,Namakkal,34.69692712296585,2017,"{""type"":""MultiPoint"",""coordinates"":[]}"
1_1_1_1_1_1_2_0000000000000000000e,Perambalur,35.28195392939336,2017,"{""type"":""MultiPoint"",""coordinates"":[]}"
1_1_1_1_1_1_2_0000000000000000000f,Ramanathapuram,35.005559213230526,2017,"{""type"":""MultiPoint"",""coordinates"":[]}"
1_1_1_1_1_1_2_00000000000000000011,Salem,33.97366381862922,2017,"{""type"":""MultiPoint"",""coordinates"":[]}"
1_1_1_1_1_1_2_00000000000000000012,Sivaganga,36.11528722746815,2017,"{""type"":""MultiPoint"",""coordinates"":[]}"
1_1_1_1_1_1_2_00000000000000000013,Theni,32.35541216273444,2017,"{""type"":""MultiPoint"",""coordinates"":[]}"
1_1_1_1_1_1_2_00000000000000000015,Thiruvarur,34.9537620478315,2017,"{""type"":""MultiPoint"",""coordinates"":[]}"
1_1_1_1_1_1_2_00000000000000000016,Tiruchirappalli,35.837304784048634,2017,"{""type"":""MultiPoint"",""coordinates"":[]}"
1_1_1_1_1_1_2_00000000000000000017,Tirunelveli,34.57253133887582,2017,"{""type"":""MultiPoint"",""coordinates"":[]}"
1_1_1_1_1_1_2_00000000000000000018,Tiruppur,34.07609353095942,2017,"{""type"":""MultiPoint"",""coordinates"":[]}"
1_1_1_1_1_1_2_0000000000000000001a,Thiruvallur,35.30185638541255,2017,"{""type"":""MultiPoint"",""coordinates"":[]}"
1_1_1_1_1_1_2_0000000000000000001b,Tiruvannamalai,35.05986574878339,2017,"{""type"":""MultiPoint"",""coordinates"":[]}"
1_1_1_1_1_1_2_0000000000000000001d,Vellore,34.40937730157534,2017,"{""type"":""MultiPoint"",""coordinates"":[]}"
1_1_1_1_1_1_2_0000000000000000001f,Virudhunagar,36.72897462605206,2017,"{""type"":""MultiPoint"",""coordinates"":[]}"
1_1_1_1_1_1_2_00000000000000000020,Krishnagiri,32.58261749927463,2017,"{""type"":""MultiPoint"",""coordinates"":[]}"
1_1_1_1_1_1_2_00000000000000000021,Nagapattinam,32.39884610402097,2017,"{""type"":""MultiPoint"",""coordinates"":[]}"
1_1_1_1_1_1_2_00000000000000000024,Thanjavur,35.679148678669726,2017,"{""type"":""MultiPoint"",""coordinates"":[]}"
1_1_1_1_1_1_2_00000000000000000025,Pudukkottai,35.5949053614008,2017,"{""type"":""MultiPoint"",""coordinates"":[]}"
1_1_1_1_1_1_2_00000000000000000001,Chengalpattu,34.219941817983816,2017,"{""type"":""MultiPoint"",""coordinates"":[]}"
1_1_1_1_1_1_2_00000000000000000010,Ranipet,35.80258871590176,2017,"{""type"":""MultiPoint"",""coordinates"":[]}"
1_1_1_1_1_1_2_00000000000000000014,Tenkasi,35.15767305279489,2017,"{""type"":""MultiPoint"",""coordinates"":[]}"
1_1_1_1_1_1_2_00000000000000000022,Mayiladuthurai,33.70073734123695,2017,"{""type"":""MultiPoint"",""coordinates"":[]}"
1_1_1_1_1_1_2_0000000000000000001c,Tuticorin,35.7316243470236,2017,"{""type"":""MultiPoint"",""coordinates"":[]}"
1_1_1_1_1_1_2_0000000000000000001e,Villupuram,35.35029437767986,2017,"{""type"":""MultiPoint"",""coordinates"":[]}"
1_1_1_1_1_1_2_00000000000000000023,Kanchipuram,35.661347044662364,2017,"{""type"":""MultiPoint"",""coordinates"":[]}"
1_1_1_1_1_1_2_00000000000000000008,Kallakurichi,35.051454163429945,2017,"{""type"":""MultiPoint"",""coordinates"":[]}"
1_1_1_1_1_1_2_00000000000000000019,Tirupathur,33.664976085253784,2017,"{""type"":""MultiPoint"",""coordinates"":[]}"
1_1_1_1_1_2_00000000000000000000,Ariyalur,36.027080991068,2018,"{""type"":""MultiPoint"",""coordinates"":[]}"
1_1_1_1_1_2_00000000000000000002,Chennai,34.17781589675266,2018,"{""type"":""MultiPoint"",""coordinates"":[]}"
1_1_1_1_1_2_00000000000000000003,Coimbatore,32.10672820810027,2018,"{""type"":""MultiPoint"",""coordinates"":[]}"
1_1_1_1_1_2_00000000000000000004,Cuddalore,35.50972630937256,2018,"{""type"":""MultiPoint"",""coordinates"":[]}"
1_1_1_1_1_2_00000000000000000005,Dharmapuri,33.84580981299007,2018,"{""type"":""MultiPoint"",""coordinates"":[]}"
1_1_1_1_1_2_00000000000000000006,Dindigul,33.216481468193614,2018,"{""type"":""MultiPoint"",""coordinates"":[]}"
1_1_1_1_1_2_00000000000000000007,Erode,33.11054389040202,2018,"{""type"":""MultiPoint"",""coordinates"":[]}"
1_1_1_1_1_2_00000000000000000009,Kanniyakumari,31.287968501373772,2018,"{""type"":""MultiPoint"",""coordinates"":[]}"
1_1_1_1_1_2_0000000000000000000a,Karur,36.42788759510964,2018,"{""type"":""MultiPoint"",""coordinates"":[]}"
1_1_1_1_1_2_0000000000000000000b,Madurai,35.59030830067057,2018,"{""type"":""MultiPoint"",""coordinates"":[]}"
1_1_1_1_1_2_0000000000000000000c,The Nilgiris,26.915228902080088,2018,"{""type"":""MultiPoint"",""coordinates"":[]}"
1_1_1_1_1_2_0000000000000000000d,Namakkal,34.66802851287975,2018,"{""type"":""MultiPoint"",""coordinates"":[]}"
1_1_1_1_1_2_0000000000000000000e,Perambalur,35.719687384438366,2018,"{""type"":""MultiPoint"",""coordinates"":[]}"
1_1_1_1_1_2_0000000000000000000f,Ramanathapuram,34.52051448928916,2018,"{""type"":""MultiPoint"",""coordinates"":[]}"
1_1_1_1_1_2_00000000000000000011,Salem,33.939797197380166,2018,"{""type"":""MultiPoint"",""coordinates"":[]}"
1_1_1_1_1_2_00000000000000000012,Sivaganga,35.73119596470148,2018,"{""type"":""MultiPoint"",""coordinates"":[]}"
1_1_1_1_1_2_00000000000000000013,Theni,31.95298795417278,2018,"{""type"":""MultiPoint"",""coordinates"":[]}"
1_1_1_1_1_2_00000000000000000015,Thiruvarur,34.73734130801689,2018,"{""type"":""MultiPoint"",""coordinates"":[]}"
1_1_1_1_1_2_00000000000000000016,Tiruchirappalli,35.934186185491875,2018,"{""type"":""MultiPoint"",""coordinates"":[]}"
1_1_1_1_1_2_00000000000000000017,Tirunelveli,33.88227423962941,2018,"{""type"":""MultiPoint"",""coordinates"":[]}"
1_1_1_1_1_2_00000000000000000018,Tiruppur,33.9825923222809,2018,"{""type"":""MultiPoint"",""coordinates"":[]}"
1_1_1_1_1_2_0000000000000000001a,Thiruvallur,35.30192210352553,2018,"{""type"":""MultiPoint"",""coordinates"":[]}"
1_1_1_1_1_2_0000000000000000001b,Tiruvannamalai,35.47208856159897,2018,"{""type"":""MultiPoint"",""coordinates"":[]}"
1_1_1_1_1_2_0000000000000000001d,Vellore,34.73116974465244,2018,"{""type"":""MultiPoint"",""coordinates"":[]}"
1_1_1_1_1_2_0000000000000000001f,Virudhunagar,36.05570085983442,2018,"{""type"":""MultiPoint"",""coordinates"":[]}"
1_1_1_1_1_2_00000000000000000020,Krishnagiri,32.39959518975543,2018,"{""type"":""MultiPoint"",""coordinates"":[]}"
1_1_1_1_1_2_00000000000000000021,Nagapattinam,32.2507881030429,2018,"{""type"":""MultiPoint"",""coordinates"":[]}"
1_1_1_1_1_2_00000000000000000024,Thanjavur,35.49217759811731,2018,"{""type"":""MultiPoint"",""coordinates"":[]}"
1_1_1_1_1_2_00000000000000000025,Pudukkottai,35.3257791336185,2018,"{""type"":""MultiPoint"",""coordinates"":[]}"
1_1_1_1_1_2_00000000000000000001,Chengalpattu,34.010078480087735,2018,"{""type"":""MultiPoint"",""coordinates"":[]}"
1_1_1_1_1_2_00000000000000000010,Ranipet,36.12307325166823,2018,"{""type"":""MultiPoint"",""coordinates"":[]}"
1_1_1_1_1_2_00000000000000000014,Tenkasi,34.4477274108324,2018,"{""type"":""MultiPoint"",""coordinates"":[]}"
1_1_1_1_1_2_00000000000000000022,Mayiladuthurai,33.65710067128959,2018,"{""type"":""MultiPoint"",""coordinates"":[]}"
1_1_1_1_1_2_0000000000000000001c,Tuticorin,34.90935449350313,2018,"{""type"":""MultiPoint"",""coordinates"":[]}"
1_1_1_1_1_2_0000000000000000001e,Villupuram,35.558923087704684,2018,"{""type"":""MultiPoint"",""coordinates"":[]}"
1_1_1_1_1_2_00000000000000000023,Kanchipuram,35.54315028626965,2018,"{""type"":""MultiPoint"",""coordinates"":[]}"
1_1_1_1_1_2_00000000000000000008,Kallakurichi,35.59224138154122,2018,"{""type"":""MultiPoint"",""coordinates"":[]}"
1_1_1_1_1_2_00000000000000000019,Tirupathur,34.126521438910224,2018,"{""type"":""MultiPoint"",""coordinates"":[]}"
1_1_1_1_2_00000000000000000000,Ariyalur,36.26215077052402,2019,"{""type"":""MultiPoint"",""coordinates"":[]}"
1_1_1_1_2_00000000000000000002,Chennai,34.308289901780064,2019,"{""type"":""MultiPoint"",""coordinates"":[]}"
1_1_1_1_2_00000000000000000003,Coimbatore,32.310524546536946,2019,"{""type"":""MultiPoint"",""coordinates"":[]}"
1_1_1_1_2_00000000000000000004,Cuddalore,35.529120695244565,2019,"{""type"":""MultiPoint"",""coordinates"":[]}"
1_1_1_1_2_00000000000000000005,Dharmapuri,33.84502742630171,2019,"{""type"":""MultiPoint"",""coordinates"":[]}"
1_1_1_1_2_00000000000000000006,Dindigul,33.47919592222467,2019,"{""type"":""MultiPoint"",""coordinates"":[]}"
1_1_1_1_2_00000000000000000007,Erode,33.25543624224597,2019,"{""type"":""MultiPoint"",""coordinates"":[]}"
1_1_1_1_2_00000000000000000009,Kanniyakumari,31.636875022555945,2019,"{""type"":""MultiPoint"",""coordinates"":[]}"
1_1_1_1_2_0000000000000000000a,Karur,36.44802238276749,2019,"{""type"":""MultiPoint"",""coordinates"":[]}"
1_1_1_1_2_0000000000000000000b,Madurai,35.65868836674666,2019,"{""type"":""MultiPoint"",""coordinates"":[]}"
1_1_1_1_2_0000000000000000000c,The Nilgiris,27.13381767539322,2019,"{""type"":""MultiPoint"",""coordinates"":[]}"
1_1_1_1_2_0000000000000000000d,Namakkal,34.84578990932727,2019,"{""type"":""MultiPoint"",""coordinates"":[]}"
1_1_1_1_2_0000000000000000000e,Perambalur,35.842444707727296,2019,"{""type"":""MultiPoint"",""coordinates"":[]}"
1_1_1_1_2_0000000000000000000f,Ramanathapuram,34.80480753765072,2019,"{""type"":""MultiPoint"",""coordinates"":[]}"
1_1_1_1_2_00000000000000000011,Salem,34.05566979063495,2019,"{""type"":""MultiPoint"",""coordinates"":[]}"
1_1_1_1_2_00000000000000000012,Sivaganga,35.97432897144933,2019,"{""type"":""MultiPoint"",""coordinates"":[]}"
1_1_1_1_2_00000000000000000013,Theni,32.12041987957126,2019,"{""type"":""MultiPoint"",""coordinates"":[]}"
1_1_1_1_2_00000000000000000015,Thiruvarur,35.08637691065814,2019,"{""type"":""MultiPoint"",""coordinates"":[]}"
1_1_1_1_2_00000000000000000016,Tiruchirappalli,36.17029591969509,2019,"{""type"":""MultiPoint"",""coordinates"":[]}"
1_1_1_1_2_00000000000000000017,Tirunelveli,34.20650906074315,2019,"{""type"":""MultiPoint"",""coordinates"":[]}"
1_1_1_1_2_00000000000000000018,Tiruppur,34.10428434528039,2019,"{""type"":""MultiPoint"",""coordinates"":[]}"
1_1_1_1_2_0000000000000000001a,Thiruvallur,35.277455063954115,2019,"{""type"":""MultiPoint"",""coordinates"":[]}"
1_1_1_1_2_0000000000000000001b,Tiruvannamalai,35.33009302620275,2019,"{""type"":""MultiPoint"",""coordinates"":[]}"
1_1_1_1_2_0000000000000000001d,Vellore,34.58473777458958,2019,"{""type"":""MultiPoint"",""coordinates"":[]}"
1_1_1_1_2_0000000000000000001f,Virudhunagar,36.11374266864389,2019,"{""type"":""MultiPoint"",""coordinates"":[]}"
1_1_1_1_2_00000000000000000020,Krishnagiri,32.55971087010147,2019,"{""type"":""MultiPoint"",""coordinates"":[]}"
1_1_1_1_2_00000000000000000021,Nagapattinam,32.6224364028018,2019,"{""type"":""MultiPoint"",""coordinates"":[]}"
1_1_1_1_2_00000000000000000024,Thanjavur,35.85898056823455,2019,"{""type"":""MultiPoint"",""coordinates"":[]}"
1_1_1_1_2_00000000000000000025,Pudukkottai,35.61765285072316,2019,"{""type"":""MultiPoint"",""coordinates"":[]}"
1_1_1_1_2_00000000000000000001,Chengalpattu,34.179690741502384,2019,"{""type"":""MultiPoint"",""coordinates"":[]}"
1_1_1_1_2_00000000000000000010,Ranipet,36.00287306021196,2019,"{""type"":""MultiPoint"",""coordinates"":[]}"
1_1_1_1_2_00000000000000000014,Tenkasi,34.64521332880855,2019,"{""type"":""MultiPoint"",""coordinates"":[]}"
1_1_1_1_2_00000000000000000022,Mayiladuthurai,33.882251287198315,2019,"{""type"":""MultiPoint"",""coordinates"":[]}"
1_1_1_1_2_0000000000000000001c,Tuticorin,35.22681480906455,2019,"{""type"":""MultiPoint"",""coordinates"":[]}"
1_1_1_1_2_0000000000000000001e,Villupuram,35.59076856054267,2019,"{""type"":""MultiPoint"",""coordinates"":[]}"
1_1_1_1_2_00000000000000000023,Kanchipuram,35.6386618082852,2019,"{""type"":""MultiPoint"",""coordinates"":[]}"
1_1_1_1_2_00000000000000000008,Kallakurichi,35.501643585835396,2019,"{""type"":""MultiPoint"",""coordinates"":[]}"
1_1_1_1_2_00000000000000000019,Tirupathur,33.913482727778074,2019,"{""type"":""MultiPoint"",""coordinates"":[]}"
1_1_1_2_00000000000000000000,Ariyalur,35.507562685496765,2020,"{""type"":""MultiPoint"",""coordinates"":[]}"
1_1_1_2_00000000000000000002,Chennai,33.71637486449079,2020,"{""type"":""MultiPoint"",""coordinates"":[]}"
1_1_1_2_00000000000000000003,Coimbatore,31.880963069465956,2020,"{""type"":""MultiPoint"",""coordinates"":[]}"
1_1_1_2_00000000000000000004,Cuddalore,34.45989848432065,2020,"{""type"":""MultiPoint"",""coordinates"":[]}"
1_1_1_2_00000000000000000005,Dharmapuri,33.082321571300945,2020,"{""type"":""MultiPoint"",""coordinates"":[]}"
1_1_1_2_00000000000000000006,Dindigul,33.12404722239064,2020,"{""type"":""MultiPoint"",""coordinates"":[]}"
1_1_1_2_00000000000000000007,Erode,32.6483412307051,2020,"{""type"":""MultiPoint"",""coordinates"":[]}"
1_1_1_2_00000000000000000009,Kanniyakumari,32.123912697860774,2020,"{""type"":""MultiPoint"",""coordinates"":[]}"
1_1_1_2_0000000000000000000a,Karur,36.10373837272475,2020,"{""type"":""MultiPoint"",""coordinates"":[]}"
1_1_1_2_0000000000000000000b,Madurai,35.783213804571155,2020,"{""type"":""MultiPoint"",""coordinates"":[]}"
1_1_1_2_0000000000000000000c,The Nilgiris,27.1843126382416,2020,"{""type"":""MultiPoint"",""coordinates"":[]}"
1_1_1_2_0000000000000000000d,Namakkal,34.11396784006786,2020,"{""type"":""MultiPoint"",""coordinates"":[]}"
1_1_1_2_0000000000000000000e,Perambalur,34.8284261219909,2020,"{""type"":""MultiPoint"",""coordinates"":[]}"
1_1_1_2_0000000000000000000f,Ramanathapuram,34.762784053349726,2020,"{""type"":""MultiPoint"",""coordinates"":[]}"
1_1_1_2_00000000000000000011,Salem,33.196514797455976,2020,"{""type"":""MultiPoint"",""coordinates"":[]}"
1_1_1_2_00000000000000000012,Sivaganga,35.63394405935893,2020,"{""type"":""MultiPoint"",""coordinates"":[]}"
1_1_1_2_00000000000000000013,Theni,32.16229051720805,2020,"{""type"":""MultiPoint"",""coordinates"":[]}"
1_1_1_2_00000000000000000015,Thiruvarur,34.73033087135839,2020,"{""type"":""MultiPoint"",""coordinates"":[]}"
1_1_1_2_00000000000000000016,Tiruchirappalli,35.72580831784112,2020,"{""type"":""MultiPoint"",""coordinates"":[]}"
1_1_1_2_00000000000000000017,Tirunelveli,34.35256464545766,2020,"{""type"":""MultiPoint"",""coordinates"":[]}"
1_1_1_2_00000000000000000018,Tiruppur,33.78277915885636,2020,"{""type"":""MultiPoint"",""coordinates"":[]}"
1_1_1_2_0000000000000000001a,Thiruvallur,34.37165639679846,2020,"{""type"":""MultiPoint"",""coordinates"":[]}"
1_1_1_2_0000000000000000001b,Tiruvannamalai,34.073899679792795,2020,"{""type"":""MultiPoint"",""coordinates"":[]}"
1_1_1_2_0000000000000000001d,Vellore,33.456017823427544,2020,"{""type"":""MultiPoint"",""coordinates"":[]}"
1_1_1_2_0000000000000000001f,Virudhunagar,36.48679698582605,2020,"{""type"":""MultiPoint"",""coordinates"":[]}"
1_1_1_2_00000000000000000020,Krishnagiri,32.070483814570885,2020,"{""type"":""MultiPoint"",""coordinates"":[]}"
1_1_1_2_00000000000000000021,Nagapattinam,32.446520691392244,2020,"{""type"":""MultiPoint"",""coordinates"":[]}"
1_1_1_2_00000000000000000024,Thanjavur,35.56646707726745,2020,"{""type"":""MultiPoint"",""coordinates"":[]}"
1_1_1_2_00000000000000000025,Pudukkottai,35.35802370690292,2020,"{""type"":""MultiPoint"",""coordinates"":[]}"
1_1_1_2_00000000000000000001,Chengalpattu,33.359635437067205,2020,"{""type"":""MultiPoint"",""coordinates"":[]}"
1_1_1_2_00000000000000000010,Ranipet,34.65163821321052,2020,"{""type"":""MultiPoint"",""coordinates"":[]}"
1_1_1_2_00000000000000000014,Tenkasi,34.81473052892133,2020,"{""type"":""MultiPoint"",""coordinates"":[]}"
1_1_1_2_00000000000000000022,Mayiladuthurai,33.4034387238207,2020,"{""type"":""MultiPoint"",""coordinates"":[]}"
1_1_1_2_0000000000000000001c,Tuticorin,35.60473015313083,2020,"{""type"":""MultiPoint"",""coordinates"":[]}"
1_1_1_2_0000000000000000001e,Villupuram,34.25749690358362,2020,"{""type"":""MultiPoint"",""coordinates"":[]}"
1_1_1_2_00000000000000000023,Kanchipuram,34.518699675410375,2020,"{""type"":""MultiPoint"",""coordinates"":[]}"
1_1_1_2_00000000000000000008,Kallakurichi,34.17104306952538,2020,"{""type"":""MultiPoint"",""coordinates"":[]}"
1_1_1_2_00000000000000000019,Tirupathur,32.87659681943871,2020,"{""type"":""MultiPoint"",""coordinates"":[]}"
1_1_2_00000000000000000000,Ariyalur,35.48214789747927,2021,"{""type"":""MultiPoint"",""coordinates"":[]}"
1_1_2_00000000000000000002,Chennai,33.93963325337171,2021,"{""type"":""MultiPoint"",""coordinates"":[]}"
1_1_2_00000000000000000003,Coimbatore,31.262126378767277,2021,"{""type"":""MultiPoint"",""coordinates"":[]}"
1_1_2_00000000000000000004,Cuddalore,34.83417935659517,2021,"{""type"":""MultiPoint"",""coordinates"":[]}"
1_1_2_00000000000000000005,Dharmapuri,33.086793580825166,2021,"{""type"":""MultiPoint"",""coordinates"":[]}"
1_1_2_00000000000000000006,Dindigul,32.411529595790036,2021,"{""type"":""MultiPoint"",""coordinates"":[]}"
1_1_2_00000000000000000007,Erode,32.712191275478204,2021,"{""type"":""MultiPoint"",""coordinates"":[]}"
1_1_2_00000000000000000009,Kanniyakumari,31.224702581408867,2021,"{""type"":""MultiPoint"",""coordinates"":[]}"
1_1_2_0000000000000000000a,Karur,35.43807212873973,2021,"{""type"":""MultiPoint"",""coordinates"":[]}"
1_1_2_0000000000000000000b,Madurai,34.71465821722426,2021,"{""type"":""MultiPoint"",""coordinates"":[]}"
1_1_2_0000000000000000000c,The Nilgiris,26.613489707633974,2021,"{""type"":""MultiPoint"",""coordinates"":[]}"
1_1_2_0000000000000000000d,Namakkal,34.16979189738231,2021,"{""type"":""MultiPoint"",""coordinates"":[]}"
1_1_2_0000000000000000000e,Perambalur,34.818700616758406,2021,"{""type"":""MultiPoint"",""coordinates"":[]}"
1_1_2_0000000000000000000f,Ramanathapuram,34.374045920851295,2021,"{""type"":""MultiPoint"",""coordinates"":[]}"
1_1_2_00000000000000000011,Salem,33.44228859757737,2021,"{""type"":""MultiPoint"",""coordinates"":[]}"
1_1_2_00000000000000000012,Sivaganga,35.31865369635303,2021,"{""type"":""MultiPoint"",""coordinates"":[]}"
1_1_2_00000000000000000013,Theni,31.255999633575115,2021,"{""type"":""MultiPoint"",""coordinates"":[]}"
1_1_2_00000000000000000015,Thiruvarur,34.67542529816419,2021,"{""type"":""MultiPoint"",""coordinates"":[]}"
1_1_2_00000000000000000016,Tiruchirappalli,35.26276152919213,2021,"{""type"":""MultiPoint"",""coordinates"":[]}"
1_1_2_00000000000000000017,Tirunelveli,33.48312933916196,2021,"{""type"":""MultiPoint"",""coordinates"":[]}"
1_1_2_00000000000000000018,Tiruppur,33.084018118843645,2021,"{""type"":""MultiPoint"",""coordinates"":[]}"
1_1_2_0000000000000000001a,Thiruvallur,34.530636823874524,2021,"{""type"":""MultiPoint"",""coordinates"":[]}"
1_1_2_0000000000000000001b,Tiruvannamalai,34.27203864750286,2021,"{""type"":""MultiPoint"",""coordinates"":[]}"
1_1_2_0000000000000000001d,Vellore,33.58564160912675,2021,"{""type"":""MultiPoint"",""coordinates"":[]}"
1_1_2_0000000000000000001f,Virudhunagar,35.31920594744637,2021,"{""type"":""MultiPoint"",""coordinates"":[]}"
1_1_2_00000000000000000020,Krishnagiri,31.93030521621179,2021,"{""type"":""MultiPoint"",""coordinates"":[]}"
1_1_2_00000000000000000021,Nagapattinam,32.41736690384897,2021,"{""type"":""MultiPoint"",""coordinates"":[]}"
1_1_2_00000000000000000024,Thanjavur,35.331081578935965,2021,"{""type"":""MultiPoint"",""coordinates"":[]}"
1_1_2_00000000000000000025,Pudukkottai,34.95270219183558,2021,"{""type"":""MultiPoint"",""coordinates"":[]}"
1_1_2_00000000000000000001,Chengalpattu,33.782850568143516,2021,"{""type"":""MultiPoint"",""coordinates"":[]}"
1_1_2_00000000000000000010,Ranipet,34.850524970115345,2021,"{""type"":""MultiPoint"",""coordinates"":[]}"
1_1_2_00000000000000000014,Tenkasi,33.70271328442481,2021,"{""type"":""MultiPoint"",""coordinates"":[]}"
1_1_2_00000000000000000022,Mayiladuthurai,33.481845556272745,2021,"{""type"":""MultiPoint"",""coordinates"":[]}"
1_1_2_0000000000000000001c,Tuticorin,34.78698070684129,2021,"{""type"":""MultiPoint"",""coordinates"":[]}"
1_1_2_0000000000000000001e,Villupuram,34.65042845214579,2021,"{""type"":""MultiPoint"",""coordinates"":[]}"
1_1_2_00000000000000000023,Kanchipuram,34.80671516891148,2021,"{""type"":""MultiPoint"",""coordinates"":[]}"
1_1_2_00000000000000000008,Kallakurichi,34.4637940782811,2021,"{""type"":""MultiPoint"",""coordinates"":[]}"
1_1_2_00000000000000000019,Tirupathur,32.98741520508831,2021,"{""type"":""MultiPoint"",""coordinates"":[]}"
1_2_00000000000000000000,Ariyalur,35.28028256486839,2022,"{""type"":""MultiPoint"",""coordinates"":[]}"
1_2_00000000000000000002,Chennai,33.8604317971326,2022,"{""type"":""MultiPoint"",""coordinates"":[]}"
1_2_00000000000000000003,Coimbatore,31.44126098752331,2022,"{""type"":""MultiPoint"",""coordinates"":[]}"
1_2_00000000000000000004,Cuddalore,34.73173971642053,2022,"{""type"":""MultiPoint"",""coordinates"":[]}"
1_2_00000000000000000005,Dharmapuri,32.55854897716909,2022,"{""type"":""MultiPoint"",""coordinates"":[]}"
1_2_00000000000000000006,Dindigul,32.63347622962262,2022,"{""type"":""MultiPoint"",""coordinates"":[]}"
1_2_00000000000000000007,Erode,32.73954443289591,2022,"{""type"":""MultiPoint"",""coordinates"":[]}"
1_2_00000000000000000009,Kanniyakumari,31.319530147124407,2022,"{""type"":""MultiPoint"",""coordinates"":[]}"
1_2_0000000000000000000a,Karur,35.71348281519432,2022,"{""type"":""MultiPoint"",""coordinates"":[]}"
1_2_0000000000000000000b,Madurai,34.967851071662444,2022,"{""type"":""MultiPoint"",""coordinates"":[]}"
1_2_0000000000000000000c,The Nilgiris,26.896641575455877,2022,"{""type"":""MultiPoint"",""coordinates"":[]}"
1_2_0000000000000000000d,Namakkal,33.81239132313441,2022,"{""type"":""MultiPoint"",""coordinates"":[]}"
1_2_0000000000000000000e,Perambalur,34.67819231052007,2022,"{""type"":""MultiPoint"",""coordinates"":[]}"
1_2_0000000000000000000f,Ramanathapuram,34.50189085970344,2022,"{""type"":""MultiPoint"",""coordinates"":[]}"
1_2_00000000000000000011,Salem,32.92443006350467,2022,"{""type"":""MultiPoint"",""coordinates"":[]}"
1_2_00000000000000000012,Sivaganga,35.33511299606713,2022,"{""type"":""MultiPoint"",""coordinates"":[]}"
1_2_00000000000000000013,Theni,31.516338412920998,2022,"{""type"":""MultiPoint"",""coordinates"":[]}"
1_2_00000000000000000015,Thiruvarur,34.475818733255736,2022,"{""type"":""MultiPoint"",""coordinates"":[]}"
1_2_00000000000000000016,Tiruchirappalli,35.31543299687938,2022,"{""type"":""MultiPoint"",""coordinates"":[]}"
1_2_00000000000000000017,Tirunelveli,34.199211525373045,2022,"{""type"":""MultiPoint"",""coordinates"":[]}"
1_2_00000000000000000018,Tiruppur,33.14595554206401,2022,"{""type"":""MultiPoint"",""coordinates"":[]}"
1_2_0000000000000000001a,Thiruvallur,34.64902847567531,2022,"{""type"":""MultiPoint"",""coordinates"":[]}"
1_2_0000000000000000001b,Tiruvannamalai,34.23046194976174,2022,"{""type"":""MultiPoint"",""coordinates"":[]}"
1_2_0000000000000000001d,Vellore,33.53402081804703,2022,"{""type"":""MultiPoint"",""coordinates"":[]}"
1_2_0000000000000000001f,Virudhunagar,35.8110584822634,2022,"{""type"":""MultiPoint"",""coordinates"":[]}"
1_2_00000000000000000020,Krishnagiri,31.625256398647192,2022,"{""type"":""MultiPoint"",""coordinates"":[]}"
1_2_00000000000000000021,Nagapattinam,32.44547233655645,2022,"{""type"":""MultiPoint"",""coordinates"":[]}"
1_2_00000000000000000024,Thanjavur,35.06899910120411,2022,"{""type"":""MultiPoint"",""coordinates"":[]}"
1_2_00000000000000000025,Pudukkottai,34.97142205800914,2022,"{""type"":""MultiPoint"",""coordinates"":[]}"
1_2_00000000000000000001,Chengalpattu,33.6663940126651,2022,"{""type"":""MultiPoint"",""coordinates"":[]}"
1_2_00000000000000000010,Ranipet,34.96189755654714,2022,"{""type"":""MultiPoint"",""coordinates"":[]}"
1_2_00000000000000000014,Tenkasi,34.60718448950497,2022,"{""type"":""MultiPoint"",""coordinates"":[]}"
1_2_00000000000000000022,Mayiladuthurai,33.28458884472047,2022,"{""type"":""MultiPoint"",""coordinates"":[]}"
1_2_0000000000000000001c,Tuticorin,35.29182143535168,2022,"{""type"":""MultiPoint"",""coordinates"":[]}"
1_2_0000000000000000001e,Villupuram,34.63369197362924,2022,"{""type"":""MultiPoint"",""coordinates"":[]}"
1_2_00000000000000000023,Kanchipuram,34.83547624661838,2022,"{""type"":""MultiPoint"",""coordinates"":[]}"
1_2_00000000000000000008,Kallakurichi,34.24962656351183,2022,"{""type"":""MultiPoint"",""coordinates"":[]}"
1_2_00000000000000000019,Tirupathur,32.61347718930634,2022,"{""type"":""MultiPoint"",""coordinates"":[]}"
2_00000000000000000000,Ariyalur,35.754580229777716,2023,"{""type"":""MultiPoint"",""coordinates"":[]}"
2_00000000000000000002,Chennai,34.10268776725435,2023,"{""type"":""MultiPoint"",""coordinates"":[]}"
2_00000000000000000003,Coimbatore,32.30220523520655,2023,"{""type"":""MultiPoint"",""coordinates"":[]}"
2_00000000000000000004,Cuddalore,35.015356632524835,2023,"{""type"":""MultiPoint"",""coordinates"":[]}"
2_00000000000000000005,Dharmapuri,33.24455544856921,2023,"{""type"":""MultiPoint"",""coordinates"":[]}"
2_00000000000000000006,Dindigul,33.05360671009618,2023,"{""type"":""MultiPoint"",""coordinates"":[]}"
2_00000000000000000007,Erode,33.28805710770734,2023,"{""type"":""MultiPoint"",""coordinates"":[]}"
2_00000000000000000009,Kanniyakumari,31.76158703240121,2023,"{""type"":""MultiPoint"",""coordinates"":[]}"
2_0000000000000000000a,Karur,36.21928236457213,2023,"{""type"":""MultiPoint"",""coordinates"":[]}"
2_0000000000000000000b,Madurai,35.26267856064241,2023,"{""type"":""MultiPoint"",""coordinates"":[]}"
2_0000000000000000000c,The Nilgiris,27.05582007310359,2023,"{""type"":""MultiPoint"",""coordinates"":[]}"
2_0000000000000000000d,Namakkal,34.21572399676039,2023,"{""type"":""MultiPoint"",""coordinates"":[]}"
2_0000000000000000000e,Perambalur,35.11695959141693,2023,"{""type"":""MultiPoint"",""coordinates"":[]}"
2_0000000000000000000f,Ramanathapuram,34.605543946171764,2023,"{""type"":""MultiPoint"",""coordinates"":[]}"
2_00000000000000000011,Salem,33.40105152887003,2023,"{""type"":""MultiPoint"",""coordinates"":[]}"
2_00000000000000000012,Sivaganga,35.604661642570946,2023,"{""type"":""MultiPoint"",""coordinates"":[]}"
2_00000000000000000013,Theni,31.748571606064004,2023,"{""type"":""MultiPoint"",""coordinates"":[]}"
2_00000000000000000015,Thiruvarur,34.71280201171032,2023,"{""type"":""MultiPoint"",""coordinates"":[]}"
2_00000000000000000016,Tiruchirappalli,35.69046409039755,2023,"{""type"":""MultiPoint"",""coordinates"":[]}"
2_00000000000000000017,Tirunelveli,33.98722950862206,2023,"{""type"":""MultiPoint"",""coordinates"":[]}"
2_00000000000000000018,Tiruppur,34.126236646921875,2023,"{""type"":""MultiPoint"",""coordinates"":[]}"
2_0000000000000000001a,Thiruvallur,34.933362359245805,2023,"{""type"":""MultiPoint"",""coordinates"":[]}"
2_0000000000000000001b,Tiruvannamalai,34.53689142690966,2023,"{""type"":""MultiPoint"",""coordinates"":[]}"
2_0000000000000000001d,Vellore,33.91509872339241,2023,"{""type"":""MultiPoint"",""coordinates"":[]}"
2_0000000000000000001f,Virudhunagar,35.90302083555081,2023,"{""type"":""MultiPoint"",""coordinates"":[]}"
2_00000000000000000020,Krishnagiri,32.21520876315107,2023,"{""type"":""MultiPoint"",""coordinates"":[]}"
2_00000000000000000021,Nagapattinam,32.599338777656236,2023,"{""type"":""MultiPoint"",""coordinates"":[]}"
2_00000000000000000024,Thanjavur,35.36407113454534,2023,"{""type"":""MultiPoint"",""coordinates"":[]}"
2_00000000000000000025,Pudukkottai,35.13245438332442,2023,"{""type"":""MultiPoint"",""coordinates"":[]}"
2_00000000000000000001,Chengalpattu,33.99828119307666,2023,"{""type"":""MultiPoint"",""coordinates"":[]}"
2_00000000000000000010,Ranipet,35.37647430574592,2023,"{""type"":""MultiPoint"",""coordinates"":[]}"
2_00000000000000000014,Tenkasi,34.50750382078605,2023,"{""type"":""MultiPoint"",""coordinates"":[]}"
2_00000000000000000022,Mayiladuthurai,33.66415198352272,2023,"{""type"":""MultiPoint"",""coordinates"":[]}"
2_0000000000000000001c,Tuticorin,35.279676611076184,2023,"{""type"":""MultiPoint"",""coordinates"":[]}"
2_0000000000000000001e,Villupuram,34.94889347313974,2023,"{""type"":""MultiPoint"",""coordinates"":[]}"
2_00000000000000000023,Kanchipuram,35.14681604472935,2023,"{""type"":""MultiPoint"",""coordinates"":[]}"
2_00000000000000000008,Kallakurichi,34.617274519707195,2023,"{""type"":""MultiPoint"",""coordinates"":[]}"
2_00000000000000000019,Tirupathur,32.92450184777258,2023,"{""type"":""MultiPoint"",""coordinates"":[]}"
