system:index,District,LST_C,Year,.geo
1_1_1_1_1_1_1_1_2_00000000000000000000,Ariyalur,35.800893554372074,2015,"{""type"":""MultiPoint"",""coordinates"":[]}"
1_1_1_1_1_1_1_1_2_00000000000000000002,Chennai,35.10356092479211,2015,"{""type"":""MultiPoint"",""coordinates"":[]}"
1_1_1_1_1_1_1_1_2_00000000000000000003,Coimbatore,32.09578367832957,2015,"{""type"":""MultiPoint"",""coordinates"":[]}"
1_1_1_1_1_1_1_1_2_00000000000000000004,Cuddalore,34.67165459857135,2015,"{""type"":""MultiPoint"",""coordinates"":[]}"
1_1_1_1_1_1_1_1_2_00000000000000000005,Dharmapuri,33.59875783051934,2015,"{""type"":""MultiPoint"",""coordinates"":[]}"
1_1_1_1_1_1_1_1_2_00000000000000000006,Dindigul,33.434100354278364,2015,"{""type"":""MultiPoint"",""coordinates"":[]}"
1_1_1_1_1_1_1_1_2_00000000000000000007,Erode,32.95515428620303,2015,"{""type"":""MultiPoint"",""coordinates"":[]}"
1_1_1_1_1_1_1_1_2_00000000000000000009,Kanniyakumari,29.01497043340696,2015,"{""type"":""MultiPoint"",""coordinates"":[]}"
1_1_1_1_1_1_1_1_2_0000000000000000000a,Karur,37.171869308551464,2015,"{""type"":""MultiPoint"",""coordinates"":[]}"
1_1_1_1_1_1_1_1_2_0000000000000000000b,Madurai,35.82469510621432,2015,"{""type"":""MultiPoint"",""coordinates"":[]}"
1_1_1_1_1_1_1_1_2_0000000000000000000c,The Nilgiris,25.08722242354771,2015,"{""type"":""MultiPoint"",""coordinates"":[]}"
1_1_1_1_1_1_1_1_2_0000000000000000000d,Namakkal,35.33932436973708,2015,"{""type"":""MultiPoint"",""coordinates"":[]}"
1_1_1_1_1_1_1_1_2_0000000000000000000e,Perambalur,37.20972054025573,2015,"{""type"":""MultiPoint"",""coordinates"":[]}"
1_1_1_1_1_1_1_1_2_0000000000000000000f,Ramanathapuram,36.54731605551656,2015,"{""type"":""MultiPoint"",""coordinates"":[]}"
1_1_1_1_1_1_1_1_2_00000000000000000011,Salem,33.072928671442135,2015,"{""type"":""MultiPoint"",""coordinates"":[]}"
1_1_1_1_1_1_1_1_2_00000000000000000012,Sivaganga,35.861278464187556,2015,"{""type"":""MultiPoint"",""coordinates"":[]}"
1_1_1_1_1_1_1_1_2_00000000000000000013,Theni,31.691312858641258,2015,"{""type"":""MultiPoint"",""coordinates"":[]}"
1_1_1_1_1_1_1_1_2_00000000000000000015,Thiruvarur,33.747142307948494,2015,"{""type"":""MultiPoint"",""coordinates"":[]}"
1_1_1_1_1_1_1_1_2_00000000000000000016,Tiruchirappalli,36.21751003719988,2015,"{""type"":""MultiPoint"",""coordinates"":[]}"
1_1_1_1_1_1_1_1_2_00000000000000000017,Tirunelveli,33.4324695353933,2015,"{""type"":""MultiPoint"",""coordinates"":[]}"
1_1_1_1_1_1_1_1_2_00000000000000000018,Tiruppur,35.51322749253376,2015,"{""type"":""MultiPoint"",""coordinates"":[]}"
1_1_1_1_1_1_1_1_2_0000000000000000001a,Thiruvallur,34.577889074084894,2015,"{""type"":""MultiPoint"",""coordinates"":[]}"
1_1_1_1_1_1_1_1_2_0000000000000000001b,Tiruvannamalai,34.55071232669909,2015,"{""type"":""MultiPoint"",""coordinates"":[]}"
1_1_1_1_1_1_1_1_2_0000000000000000001d,Vellore,33.78459113324206,2015,"{""type"":""MultiPoint"",""coordinates"":[]}"
1_1_1_1_1_1_1_1_2_0000000000000000001f,Virudhunagar,38.28987532023081,2015,"{""type"":""MultiPoint"",""coordinates"":[]}"
1_1_1_1_1_1_1_1_2_00000000000000000020,Krishnagiri,32.546926026946025,2015,"{""type"":""MultiPoint"",""coordinates"":[]}"
1_1_1_1_1_1_1_1_2_00000000000000000021,Nagapattinam,33.96304404002417,2015,"{""type"":""MultiPoint"",""coordinates"":[]}"
1_1_1_1_1_1_1_1_2_00000000000000000024,Thanjavur,33.64163573697169,2015,"{""type"":""MultiPoint"",""coordinates"":[]}"
1_1_1_1_1_1_1_1_2_00000000000000000025,Pudukkottai,35.553545035844266,2015,"{""type"":""MultiPoint"",""coordinates"":[]}"
1_1_1_1_1_1_1_1_2_00000000000000000001,Chengalpattu,34.71191348335678,2015,"{""type"":""MultiPoint"",""coordinates"":[]}"
1_1_1_1_1_1_1_1_2_00000000000000000010,Ranipet,35.21351172438911,2015,"{""type"":""MultiPoint"",""coordinates"":[]}"
1_1_1_1_1_1_1_1_2_00000000000000000014,Tenkasi,34.88959489835784,2015,"{""type"":""MultiPoint"",""coordinates"":[]}"
1_1_1_1_1_1_1_1_2_00000000000000000022,Mayiladuthurai,32.965632465537375,2015,"{""type"":""MultiPoint"",""coordinates"":[]}"
1_1_1_1_1_1_1_1_2_0000000000000000001c,Tuticorin,38.225934807927686,2015,"{""type"":""MultiPoint"",""coordinates"":[]}"
1_1_1_1_1_1_1_1_2_0000000000000000001e,Villupuram,35.25300268742982,2015,"{""type"":""MultiPoint"",""coordinates"":[]}"
1_1_1_1_1_1_1_1_2_00000000000000000023,Kanchipuram,35.36684071240323,2015,"{""type"":""MultiPoint"",""coordinates"":[]}"
1_1_1_1_1_1_1_1_2_00000000000000000008,Kallakurichi,34.630381297019326,2015,"{""type"":""MultiPoint"",""coordinates"":[]}"
1_1_1_1_1_1_1_1_2_00000000000000000019,Tirupathur,33.13779241864786,2015,"{""type"":""MultiPoint"",""coordinates"":[]}"
1_1_1_1_1_1_1_2_00000000000000000000,Ariyalur,36.201425361950065,2016,"{""type"":""MultiPoint"",""coordinates"":[]}"
1_1_1_1_1_1_1_2_00000000000000000002,Chennai,34.994411136770516,2016,"{""type"":""MultiPoint"",""coordinates"":[]}"
1_1_1_1_1_1_1_2_00000000000000000003,Coimbatore,33.58639913492599,2016,"{""type"":""MultiPoint"",""coordinates"":[]}"
1_1_1_1_1_1_1_2_00000000000000000004,Cuddalore,35.254066587688605,2016,"{""type"":""MultiPoint"",""coordinates"":[]}"
1_1_1_1_1_1_1_2_00000000000000000005,Dharmapuri,34.985290654638945,2016,"{""type"":""MultiPoint"",""coordinates"":[]}"
1_1_1_1_1_1_1_2_00000000000000000006,Dindigul,34.49192559210717,2016,"{""type"":""MultiPoint"",""coordinates"":[]}"
1_1_1_1_1_1_1_2_00000000000000000007,Erode,35.17512418531266,2016,"{""type"":""MultiPoint"",""coordinates"":[]}"
1_1_1_1_1_1_1_2_00000000000000000009,Kanniyakumari,30.152825435540677,2016,"{""type"":""MultiPoint"",""coordinates"":[]}"
1_1_1_1_1_1_1_2_0000000000000000000a,Karur,38.83804083618852,2016,"{""type"":""MultiPoint"",""coordinates"":[]}"
1_1_1_1_1_1_1_2_0000000000000000000b,Madurai,37.08024031261433,2016,"{""type"":""MultiPoint"",""coordinates"":[]}"
1_1_1_1_1_1_1_2_0000000000000000000c,The Nilgiris,26.45031246767415,2016,"{""type"":""MultiPoint"",""coordinates"":[]}"
1_1_1_1_1_1_1_2_0000000000000000000d,Namakkal,37.00410729157639,2016,"{""type"":""MultiPoint"",""coordinates"":[]}"
1_1_1_1_1_1_1_2_0000000000000000000e,Perambalur,37.72054812729452,2016,"{""type"":""MultiPoint"",""coordinates"":[]}"
1_1_1_1_1_1_1_2_0000000000000000000f,Ramanathapuram,38.55811103294967,2016,"{""type"":""MultiPoint"",""coordinates"":[]}"
1_1_1_1_1_1_1_2_00000000000000000011,Salem,34.68363153875321,2016,"{""type"":""MultiPoint"",""coordinates"":[]}"
1_1_1_1_1_1_1_2_00000000000000000012,Sivaganga,37.31691060265922,2016,"{""type"":""MultiPoint"",""coordinates"":[]}"
1_1_1_1_1_1_1_2_00000000000000000013,Theni,33.72731224824784,2016,"{""type"":""MultiPoint"",""coordinates"":[]}"
1_1_1_1_1_1_1_2_00000000000000000015,Thiruvarur,34.56737474611512,2016,"{""type"":""MultiPoint"",""coordinates"":[]}"
1_1_1_1_1_1_1_2_00000000000000000016,Tiruchirappalli,37.171120595345585,2016,"{""type"":""MultiPoint"",""coordinates"":[]}"
1_1_1_1_1_1_1_2_00000000000000000017,Tirunelveli,34.92051372111188,2016,"{""type"":""MultiPoint"",""coordinates"":[]}"
1_1_1_1_1_1_1_2_00000000000000000018,Tiruppur,37.029909007983015,2016,"{""type"":""MultiPoint"",""coordinates"":[]}"
1_1_1_1_1_1_1_2_0000000000000000001a,Thiruvallur,34.245554903870314,2016,"{""type"":""MultiPoint"",""coordinates"":[]}"
1_1_1_1_1_1_1_2_0000000000000000001b,Tiruvannamalai,34.5755014770541,2016,"{""type"":""MultiPoint"",""coordinates"":[]}"
1_1_1_1_1_1_1_2_0000000000000000001d,Vellore,33.70420411659864,2016,"{""type"":""MultiPoint"",""coordinates"":[]}"
1_1_1_1_1_1_1_2_0000000000000000001f,Virudhunagar,39.168260614632054,2016,"{""type"":""MultiPoint"",""coordinates"":[]}"
1_1_1_1_1_1_1_2_00000000000000000020,Krishnagiri,34.445499152554504,2016,"{""type"":""MultiPoint"",""coordinates"":[]}"
1_1_1_1_1_1_1_2_00000000000000000021,Nagapattinam,34.69339169682579,2016,"{""type"":""MultiPoint"",""coordinates"":[]}"
1_1_1_1_1_1_1_2_00000000000000000024,Thanjavur,34.164640800064404,2016,"{""type"":""MultiPoint"",""coordinates"":[]}"
1_1_1_1_1_1_1_2_00000000000000000025,Pudukkottai,36.78895505132324,2016,"{""type"":""MultiPoint"",""coordinates"":[]}"
1_1_1_1_1_1_1_2_00000000000000000001,Chengalpattu,33.92745452597556,2016,"{""type"":""MultiPoint"",""coordinates"":[]}"
1_1_1_1_1_1_1_2_00000000000000000010,Ranipet,34.89293531973111,2016,"{""type"":""MultiPoint"",""coordinates"":[]}"
1_1_1_1_1_1_1_2_00000000000000000014,Tenkasi,36.142409710640344,2016,"{""type"":""MultiPoint"",""coordinates"":[]}"
1_1_1_1_1_1_1_2_00000000000000000022,Mayiladuthurai,33.255321324151424,2016,"{""type"":""MultiPoint"",""coordinates"":[]}"
1_1_1_1_1_1_1_2_0000000000000000001c,Tuticorin,39.53305131724501,2016,"{""type"":""MultiPoint"",""coordinates"":[]}"
1_1_1_1_1_1_1_2_0000000000000000001e,Villupuram,35.14252249626069,2016,"{""type"":""MultiPoint"",""coordinates"":[]}"
1_1_1_1_1_1_1_2_00000000000000000023,Kanchipuram,34.16694527605455,2016,"{""type"":""MultiPoint"",""coordinates"":[]}"
1_1_1_1_1_1_1_2_00000000000000000008,Kallakurichi,35.397472645551225,2016,"{""type"":""MultiPoint"",""coordinates"":[]}"
1_1_1_1_1_1_1_2_00000000000000000019,Tirupathur,33.246957229382105,2016,"{""type"":""MultiPoint"",""coordinates"":[]}"
1_1_1_1_1_1_2_00000000000000000000,Ariyalur,36.19694554332017,2017,"{""type"":""MultiPoint"",""coordinates"":[]}"
1_1_1_1_1_1_2_00000000000000000002,Chennai,35.532245428176594,2017,"{""type"":""MultiPoint"",""coordinates"":[]}"
1_1_1_1_1_1_2_00000000000000000003,Coimbatore,33.22950358758456,2017,"{""type"":""MultiPoint"",""coordinates"":[]}"
1_1_1_1_1_1_2_00000000000000000004,Cuddalore,35.67805093010395,2017,"{""type"":""MultiPoint"",""coordinates"":[]}"
1_1_1_1_1_1_2_00000000000000000005,Dharmapuri,34.42845810731876,2017,"{""type"":""MultiPoint"",""coordinates"":[]}"
1_1_1_1_1_1_2_00000000000000000006,Dindigul,34.20645213419137,2017,"{""type"":""MultiPoint"",""coordinates"":[]}"
1_1_1_1_1_1_2_00000000000000000007,Erode,34.88323888600021,2017,"{""type"":""MultiPoint"",""coordinates"":[]}"
1_1_1_1_1_1_2_00000000000000000009,Kanniyakumari,30.458320403951344,2017,"{""type"":""MultiPoint"",""coordinates"":[]}"
1_1_1_1_1_1_2_0000000000000000000a,Karur,38.725474806907116,2017,"{""type"":""MultiPoint"",""coordinates"":[]}"
1_1_1_1_1_1_2_0000000000000000000b,Madurai,37.29794597454926,2017,"{""type"":""MultiPoint"",""coordinates"":[]}"
1_1_1_1_1_1_2_0000000000000000000c,The Nilgiris,25.906398443300542,2017,"{""type"":""MultiPoint"",""coordinates"":[]}"
1_1_1_1_1_1_2_0000000000000000000d,Namakkal,36.96112384027639,2017,"{""type"":""MultiPoint"",""coordinates"":[]}"
1_1_1_1_1_1_2_0000000000000000000e,Perambalur,38.10869620471197,2017,"{""type"":""MultiPoint"",""coordinates"":[]}"
1_1_1_1_1_1_2_0000000000000000000f,Ramanathapuram,39.91329362312473,2017,"{""type"":""MultiPoint"",""coordinates"":[]}"
1_1_1_1_1_1_2_00000000000000000011,Salem,34.59998171218952,2017,"{""type"":""MultiPoint"",""coordinates"":[]}"
1_1_1_1_1_1_2_00000000000000000012,Sivaganga,38.20007538128913,2017,"{""type"":""MultiPoint"",""coordinates"":[]}"
1_1_1_1_1_1_2_00000000000000000013,Theni,33.39312432054886,2017,"{""type"":""MultiPoint"",""coordinates"":[]}"
1_1_1_1_1_1_2_00000000000000000015,Thiruvarur,34.206106694825635,2017,"{""type"":""MultiPoint"",""coordinates"":[]}"
1_1_1_1_1_1_2_00000000000000000016,Tiruchirappalli,37.31765384693913,2017,"{""type"":""MultiPoint"",""coordinates"":[]}"
1_1_1_1_1_1_2_00000000000000000017,Tirunelveli,36.053754755495326,2017,"{""type"":""MultiPoint"",""coordinates"":[]}"
1_1_1_1_1_1_2_00000000000000000018,Tiruppur,37.00001253808132,2017,"{""type"":""MultiPoint"",""coordinates"":[]}"
1_1_1_1_1_1_2_0000000000000000001a,Thiruvallur,34.834156240376515,2017,"{""type"":""MultiPoint"",""coordinates"":[]}"
1_1_1_1_1_1_2_0000000000000000001b,Tiruvannamalai,35.194746717518946,2017,"{""type"":""MultiPoint"",""coordinates"":[]}"
1_1_1_1_1_1_2_0000000000000000001d,Vellore,33.28677560147306,2017,"{""type"":""MultiPoint"",""coordinates"":[]}"
1_1_1_1_1_1_2_0000000000000000001f,Virudhunagar,39.699063267101785,2017,"{""type"":""MultiPoint"",""coordinates"":[]}"
1_1_1_1_1_1_2_00000000000000000020,Krishnagiri,33.04341200977343,2017,"{""type"":""MultiPoint"",""coordinates"":[]}"
1_1_1_1_1_1_2_00000000000000000021,Nagapattinam,34.26167555149636,2017,"{""type"":""MultiPoint"",""coordinates"":[]}"
1_1_1_1_1_1_2_00000000000000000024,Thanjavur,34.422429412624496,2017,"{""type"":""MultiPoint"",""coordinates"":[]}"
1_1_1_1_1_1_2_00000000000000000025,Pudukkottai,36.57388539704669,2017,"{""type"":""MultiPoint"",""coordinates"":[]}"
1_1_1_1_1_1_2_00000000000000000001,Chengalpattu,34.49942993161718,2017,"{""type"":""MultiPoint"",""coordinates"":[]}"
1_1_1_1_1_1_2_00000000000000000010,Ranipet,35.076452713445676,2017,"{""type"":""MultiPoint"",""coordinates"":[]}"
1_1_1_1_1_1_2_00000000000000000014,Tenkasi,37.02530121417364,2017,"{""type"":""MultiPoint"",""coordinates"":[]}"
1_1_1_1_1_1_2_00000000000000000022,Mayiladuthurai,34.13354031614713,2017,"{""type"":""MultiPoint"",""coordinates"":[]}"
1_1_1_1_1_1_2_0000000000000000001c,Tuticorin,41.28571560169401,2017,"{""type"":""MultiPoint"",""coordinates"":[]}"
1_1_1_1_1_1_2_0000000000000000001e,Villupuram,36.42592706299994,2017,"{""type"":""MultiPoint"",""coordinates"":[]}"
1_1_1_1_1_1_2_00000000000000000023,Kanchipuram,34.577485357824195,2017,"{""type"":""MultiPoint"",""coordinates"":[]}"
1_1_1_1_1_1_2_00000000000000000008,Kallakurichi,36.36605779712488,2017,"{""type"":""MultiPoint"",""coordinates"":[]}"
1_1_1_1_1_1_2_00000000000000000019,Tirupathur,32.891685896356414,2017,"{""type"":""MultiPoint"",""coordinates"":[]}"
1_1_1_1_1_2_00000000000000000000,Ariyalur,36.00621977800873,2018,"{""type"":""MultiPoint"",""coordinates"":[]}"
1_1_1_1_1_2_00000000000000000002,Chennai,35.43499534385738,2018,"{""type"":""MultiPoint"",""coordinates"":[]}"
1_1_1_1_1_2_00000000000000000003,Coimbatore,32.39668992115788,2018,"{""type"":""MultiPoint"",""coordinates"":[]}"
1_1_1_1_1_2_00000000000000000004,Cuddalore,34.912431532767776,2018,"{""type"":""MultiPoint"",""coordinates"":[]}"
1_1_1_1_1_2_00000000000000000005,Dharmapuri,34.00774342752396,2018,"{""type"":""MultiPoint"",""coordinates"":[]}"
1_1_1_1_1_2_00000000000000000006,Dindigul,33.693678235349466,2018,"{""type"":""MultiPoint"",""coordinates"":[]}"
1_1_1_1_1_2_00000000000000000007,Erode,33.37183826998082,2018,"{""type"":""MultiPoint"",""coordinates"":[]}"
1_1_1_1_1_2_00000000000000000009,Kanniyakumari,29.51295906920426,2018,"{""type"":""MultiPoint"",""coordinates"":[]}"
1_1_1_1_1_2_0000000000000000000a,Karur,37.762167546016,2018,"{""type"":""MultiPoint"",""coordinates"":[]}"
1_1_1_1_1_2_0000000000000000000b,Madurai,36.1344751145149,2018,"{""type"":""MultiPoint"",""coordinates"":[]}"
1_1_1_1_1_2_0000000000000000000c,The Nilgiris,25.20659205338186,2018,"{""type"":""MultiPoint"",""coordinates"":[]}"
1_1_1_1_1_2_0000000000000000000d,Namakkal,35.63996078978661,2018,"{""type"":""MultiPoint"",""coordinates"":[]}"
1_1_1_1_1_2_0000000000000000000e,Perambalur,37.71346495761698,2018,"{""type"":""MultiPoint"",""coordinates"":[]}"
1_1_1_1_1_2_0000000000000000000f,Ramanathapuram,37.9575943940089,2018,"{""type"":""MultiPoint"",""coordinates"":[]}"
1_1_1_1_1_2_00000000000000000011,Salem,33.343235175783505,2018,"{""type"":""MultiPoint"",""coordinates"":[]}"
1_1_1_1_1_2_00000000000000000012,Sivaganga,37.32712964047464,2018,"{""type"":""MultiPoint"",""coordinates"":[]}"
1_1_1_1_1_2_00000000000000000013,Theni,31.913279207526944,2018,"{""type"":""MultiPoint"",""coordinates"":[]}"
1_1_1_1_1_2_00000000000000000015,Thiruvarur,33.64407833076444,2018,"{""type"":""MultiPoint"",""coordinates"":[]}"
1_1_1_1_1_2_00000000000000000016,Tiruchirappalli,36.720062678082165,2018,"{""type"":""MultiPoint"",""coordinates"":[]}"
1_1_1_1_1_2_00000000000000000017,Tirunelveli,33.201435319645135,2018,"{""type"":""MultiPoint"",""coordinates"":[]}"
1_1_1_1_1_2_00000000000000000018,Tiruppur,36.11554305040513,2018,"{""type"":""MultiPoint"",""coordinates"":[]}"
1_1_1_1_1_2_0000000000000000001a,Thiruvallur,34.501642402544284,2018,"{""type"":""MultiPoint"",""coordinates"":[]}"
1_1_1_1_1_2_0000000000000000001b,Tiruvannamalai,33.84806154875556,2018,"{""type"":""MultiPoint"",""coordinates"":[]}"
1_1_1_1_1_2_0000000000000000001d,Vellore,32.59120638586536,2018,"{""type"":""MultiPoint"",""coordinates"":[]}"
1_1_1_1_1_2_0000000000000000001f,Virudhunagar,38.15394250902673,2018,"{""type"":""MultiPoint"",""coordinates"":[]}"
1_1_1_1_1_2_00000000000000000020,Krishnagiri,32.439930422904126,2018,"{""type"":""MultiPoint"",""coordinates"":[]}"
1_1_1_1_1_2_00000000000000000021,Nagapattinam,33.73741333557998,2018,"{""type"":""MultiPoint"",""coordinates"":[]}"
1_1_1_1_1_2_00000000000000000024,Thanjavur,34.13614773404559,2018,"{""type"":""MultiPoint"",""coordinates"":[]}"
1_1_1_1_1_2_00000000000000000025,Pudukkottai,36.3124784383848,2018,"{""type"":""MultiPoint"",""coordinates"":[]}"
1_1_1_1_1_2_00000000000000000001,Chengalpattu,33.94280390720914,2018,"{""type"":""MultiPoint"",""coordinates"":[]}"
1_1_1_1_1_2_00000000000000000010,Ranipet,35.062318919361836,2018,"{""type"":""MultiPoint"",""coordinates"":[]}"
1_1_1_1_1_2_00000000000000000014,Tenkasi,34.34764430993875,2018,"{""type"":""MultiPoint"",""coordinates"":[]}"
1_1_1_1_1_2_00000000000000000022,Mayiladuthurai,33.518152921464335,2018,"{""type"":""MultiPoint"",""coordinates"":[]}"
1_1_1_1_1_2_0000000000000000001c,Tuticorin,38.44254971922281,2018,"{""type"":""MultiPoint"",""coordinates"":[]}"
1_1_1_1_1_2_0000000000000000001e,Villupuram,35.15774766069059,2018,"{""type"":""MultiPoint"",""coordinates"":[]}"
1_1_1_1_1_2_00000000000000000023,Kanchipuram,34.71476616581027,2018,"{""type"":""MultiPoint"",""coordinates"":[]}"
1_1_1_1_1_2_00000000000000000008,Kallakurichi,35.30063116467298,2018,"{""type"":""MultiPoint"",""coordinates"":[]}"
1_1_1_1_1_2_00000000000000000019,Tirupathur,32.3551456201203,2018,"{""type"":""MultiPoint"",""coordinates"":[]}"
1_1_1_1_2_00000000000000000000,Ariyalur,36.37199056157858,2019,"{""type"":""MultiPoint"",""coordinates"":[]}"
1_1_1_1_2_00000000000000000002,Chennai,35.60202718651144,2019,"{""type"":""MultiPoint"",""coordinates"":[]}"
1_1_1_1_2_00000000000000000003,Coimbatore,33.08941782109598,2019,"{""type"":""MultiPoint"",""coordinates"":[]}"
1_1_1_1_2_00000000000000000004,Cuddalore,35.135082616685786,2019,"{""type"":""MultiPoint"",""coordinates"":[]}"
1_1_1_1_2_00000000000000000005,Dharmapuri,35.241692946295224,2019,"{""type"":""MultiPoint"",""coordinates"":[]}"
1_1_1_1_2_00000000000000000006,Dindigul,34.83404711110484,2019,"{""type"":""MultiPoint"",""coordinates"":[]}"
1_1_1_1_2_00000000000000000007,Erode,33.836492335927005,2019,"{""type"":""MultiPoint"",""coordinates"":[]}"
1_1_1_1_2_00000000000000000009,Kanniyakumari,30.54537597145732,2019,"{""type"":""MultiPoint"",""coordinates"":[]}"
1_1_1_1_2_0000000000000000000a,Karur,39.05861268923748,2019,"{""type"":""MultiPoint"",""coordinates"":[]}"
1_1_1_1_2_0000000000000000000b,Madurai,37.58599879488304,2019,"{""type"":""MultiPoint"",""coordinates"":[]}"
1_1_1_1_2_0000000000000000000c,The Nilgiris,26.03625419823166,2019,"{""type"":""MultiPoint"",""coordinates"":[]}"
1_1_1_1_2_0000000000000000000d,Namakkal,36.546255521998084,2019,"{""type"":""MultiPoint"",""coordinates"":[]}"
1_1_1_1_2_0000000000000000000e,Perambalur,38.54834008198803,2019,"{""type"":""MultiPoint"",""coordinates"":[]}"
1_1_1_1_2_0000000000000000000f,Ramanathapuram,37.841436373122875,2019,"{""type"":""MultiPoint"",""coordinates"":[]}"
1_1_1_1_2_00000000000000000011,Salem,34.392334471565356,2019,"{""type"":""MultiPoint"",""coordinates"":[]}"
1_1_1_1_2_00000000000000000012,Sivaganga,38.20554024870054,2019,"{""type"":""MultiPoint"",""coordinates"":[]}"
1_1_1_1_2_00000000000000000013,Theni,32.85092478918995,2019,"{""type"":""MultiPoint"",""coordinates"":[]}"
1_1_1_1_2_00000000000000000015,Thiruvarur,34.26910996164604,2019,"{""type"":""MultiPoint"",""coordinates"":[]}"
1_1_1_1_2_00000000000000000016,Tiruchirappalli,37.747354481993405,2019,"{""type"":""MultiPoint"",""coordinates"":[]}"
1_1_1_1_2_00000000000000000017,Tirunelveli,35.09121395838757,2019,"{""type"":""MultiPoint"",""coordinates"":[]}"
1_1_1_1_2_00000000000000000018,Tiruppur,36.91066439012971,2019,"{""type"":""MultiPoint"",""coordinates"":[]}"
1_1_1_1_2_0000000000000000001a,Thiruvallur,35.69087585653691,2019,"{""type"":""MultiPoint"",""coordinates"":[]}"
1_1_1_1_2_0000000000000000001b,Tiruvannamalai,35.362373552984046,2019,"{""type"":""MultiPoint"",""coordinates"":[]}"
1_1_1_1_2_0000000000000000001d,Vellore,34.18862339497124,2019,"{""type"":""MultiPoint"",""coordinates"":[]}"
1_1_1_1_2_0000000000000000001f,Virudhunagar,39.85948009411525,2019,"{""type"":""MultiPoint"",""coordinates"":[]}"
1_1_1_1_2_00000000000000000020,Krishnagiri,34.33544624596454,2019,"{""type"":""MultiPoint"",""coordinates"":[]}"
1_1_1_1_2_00000000000000000021,Nagapattinam,33.91837457991194,2019,"{""type"":""MultiPoint"",""coordinates"":[]}"
1_1_1_1_2_00000000000000000024,Thanjavur,34.80716619749264,2019,"{""type"":""MultiPoint"",""coordinates"":[]}"
1_1_1_1_2_00000000000000000025,Pudukkottai,36.97276926050097,2019,"{""type"":""MultiPoint"",""coordinates"":[]}"
1_1_1_1_2_00000000000000000001,Chengalpattu,34.989958237925244,2019,"{""type"":""MultiPoint"",""coordinates"":[]}"
1_1_1_1_2_00000000000000000010,Ranipet,36.595368189217865,2019,"{""type"":""MultiPoint"",""coordinates"":[]}"
1_1_1_1_2_00000000000000000014,Tenkasi,35.704785347831425,2019,"{""type"":""MultiPoint"",""coordinates"":[]}"
1_1_1_1_2_00000000000000000022,Mayiladuthurai,33.42241422246036,2019,"{""type"":""MultiPoint"",""coordinates"":[]}"
1_1_1_1_2_0000000000000000001c,Tuticorin,39.70781107537669,2019,"{""type"":""MultiPoint"",""coordinates"":[]}"
1_1_1_1_2_0000000000000000001e,Villupuram,35.858907717854905,2019,"{""type"":""MultiPoint"",""coordinates"":[]}"
1_1_1_1_2_00000000000000000023,Kanchipuram,35.89669022061518,2019,"{""type"":""MultiPoint"",""coordinates"":[]}"
1_1_1_1_2_00000000000000000008,Kallakurichi,36.12440448913427,2019,"{""type"":""MultiPoint"",""coordinates"":[]}"
1_1_1_1_2_00000000000000000019,Tirupathur,34.110497997168956,2019,"{""type"":""MultiPoint"",""coordinates"":[]}"
1_1_1_2_00000000000000000000,Ariyalur,35.41298234713087,2020,"{""type"":""MultiPoint"",""coordinates"":[]}"
1_1_1_2_00000000000000000002,Chennai,35.05685333725858,2020,"{""type"":""MultiPoint"",""coordinates"":[]}"
1_1_1_2_00000000000000000003,Coimbatore,32.46954735131235,2020,"{""type"":""MultiPoint"",""coordinates"":[]}"
1_1_1_2_00000000000000000004,Cuddalore,34.55398535325008,2020,"{""type"":""MultiPoint"",""coordinates"":[]}"
1_1_1_2_00000000000000000005,Dharmapuri,33.683019608927715,2020,"{""type"":""MultiPoint"",""coordinates"":[]}"
1_1_1_2_00000000000000000006,Dindigul,33.84445845473036,2020,"{""type"":""MultiPoint"",""coordinates"":[]}"
1_1_1_2_00000000000000000007,Erode,33.107200116123444,2020,"{""type"":""MultiPoint"",""coordinates"":[]}"
1_1_1_2_00000000000000000009,Kanniyakumari,29.935417205206868,2020,"{""type"":""MultiPoint"",""coordinates"":[]}"
1_1_1_2_0000000000000000000a,Karur,38.04107410828869,2020,"{""type"":""MultiPoint"",""coordinates"":[]}"
1_1_1_2_0000000000000000000b,Madurai,35.83143417619891,2020,"{""type"":""MultiPoint"",""coordinates"":[]}"
1_1_1_2_0000000000000000000c,The Nilgiris,25.57515641557825,2020,"{""type"":""MultiPoint"",""coordinates"":[]}"
1_1_1_2_0000000000000000000d,Namakkal,35.74613926163295,2020,"{""type"":""MultiPoint"",""coordinates"":[]}"
1_1_1_2_0000000000000000000e,Perambalur,36.77025649152446,2020,"{""type"":""MultiPoint"",""coordinates"":[]}"
1_1_1_2_0000000000000000000f,Ramanathapuram,37.02736589509666,2020,"{""type"":""MultiPoint"",""coordinates"":[]}"
1_1_1_2_00000000000000000011,Salem,33.178598016921555,2020,"{""type"":""MultiPoint"",""coordinates"":[]}"
1_1_1_2_00000000000000000012,Sivaganga,36.50572196446754,2020,"{""type"":""MultiPoint"",""coordinates"":[]}"
1_1_1_2_00000000000000000013,Theni,32.6549617563963,2020,"{""type"":""MultiPoint"",""coordinates"":[]}"
1_1_1_2_00000000000000000015,Thiruvarur,33.30166497382435,2020,"{""type"":""MultiPoint"",""coordinates"":[]}"
1_1_1_2_00000000000000000016,Tiruchirappalli,36.20581508999688,2020,"{""type"":""MultiPoint"",""coordinates"":[]}"
1_1_1_2_00000000000000000017,Tirunelveli,34.677427563674556,2020,"{""type"":""MultiPoint"",""coordinates"":[]}"
1_1_1_2_00000000000000000018,Tiruppur,36.444689323218235,2020,"{""type"":""MultiPoint"",""coordinates"":[]}"
1_1_1_2_0000000000000000001a,Thiruvallur,33.81696826388424,2020,"{""type"":""MultiPoint"",""coordinates"":[]}"
1_1_1_2_0000000000000000001b,Tiruvannamalai,34.126039785007194,2020,"{""type"":""MultiPoint"",""coordinates"":[]}"
1_1_1_2_0000000000000000001d,Vellore,33.376252509064514,2020,"{""type"":""MultiPoint"",""coordinates"":[]}"
1_1_1_2_0000000000000000001f,Virudhunagar,38.33614053959983,2020,"{""type"":""MultiPoint"",""coordinates"":[]}"
1_1_1_2_00000000000000000020,Krishnagiri,32.90749835080274,2020,"{""type"":""MultiPoint"",""coordinates"":[]}"
1_1_1_2_00000000000000000021,Nagapattinam,33.27189800844575,2020,"{""type"":""MultiPoint"",""coordinates"":[]}"
1_1_1_2_00000000000000000024,Thanjavur,33.659650263413454,2020,"{""type"":""MultiPoint"",""coordinates"":[]}"
1_1_1_2_00000000000000000025,Pudukkottai,35.54517941533742,2020,"{""type"":""MultiPoint"",""coordinates"":[]}"
1_1_1_2_00000000000000000001,Chengalpattu,33.615257654109065,2020,"{""type"":""MultiPoint"",""coordinates"":[]}"
1_1_1_2_00000000000000000010,Ranipet,35.305228436691536,2020,"{""type"":""MultiPoint"",""coordinates"":[]}"
1_1_1_2_00000000000000000014,Tenkasi,35.614857484334735,2020,"{""type"":""MultiPoint"",""coordinates"":[]}"
1_1_1_2_00000000000000000022,Mayiladuthurai,32.89547501258832,2020,"{""type"":""MultiPoint"",""coordinates"":[]}"
1_1_1_2_0000000000000000001c,Tuticorin,38.74431581971505,2020,"{""type"":""MultiPoint"",""coordinates"":[]}"
1_1_1_2_0000000000000000001e,Villupuram,34.8155012019032,2020,"{""type"":""MultiPoint"",""coordinates"":[]}"
1_1_1_2_00000000000000000023,Kanchipuram,33.84788369840887,2020,"{""type"":""MultiPoint"",""coordinates"":[]}"
1_1_1_2_00000000000000000008,Kallakurichi,35.08845794954195,2020,"{""type"":""MultiPoint"",""coordinates"":[]}"
1_1_1_2_00000000000000000019,Tirupathur,32.99897546378964,2020,"{""type"":""MultiPoint"",""coordinates"":[]}"
1_1_2_00000000000000000000,Ariyalur,34.687686654321425,2021,"{""type"":""MultiPoint"",""coordinates"":[]}"
1_1_2_00000000000000000002,Chennai,34.78914376376744,2021,"{""type"":""MultiPoint"",""coordinates"":[]}"
1_1_2_00000000000000000003,Coimbatore,31.839432040364063,2021,"{""type"":""MultiPoint"",""coordinates"":[]}"
1_1_2_00000000000000000004,Cuddalore,34.207206475466904,2021,"{""type"":""MultiPoint"",""coordinates"":[]}"
1_1_2_00000000000000000005,Dharmapuri,32.981082868699524,2021,"{""type"":""MultiPoint"",""coordinates"":[]}"
1_1_2_00000000000000000006,Dindigul,32.59398055820285,2021,"{""type"":""MultiPoint"",""coordinates"":[]}"
1_1_2_00000000000000000007,Erode,33.04269047159071,2021,"{""type"":""MultiPoint"",""coordinates"":[]}"
1_1_2_00000000000000000009,Kanniyakumari,29.18304333406174,2021,"{""type"":""MultiPoint"",""coordinates"":[]}"
1_1_2_0000000000000000000a,Karur,36.83368565461844,2021,"{""type"":""MultiPoint"",""coordinates"":[]}"
1_1_2_0000000000000000000b,Madurai,34.61459938270259,2021,"{""type"":""MultiPoint"",""coordinates"":[]}"
1_1_2_0000000000000000000c,The Nilgiris,25.247420132097183,2021,"{""type"":""MultiPoint"",""coordinates"":[]}"
1_1_2_0000000000000000000d,Namakkal,35.01992060654121,2021,"{""type"":""MultiPoint"",""coordinates"":[]}"
1_1_2_0000000000000000000e,Perambalur,36.08869734487724,2021,"{""type"":""MultiPoint"",""coordinates"":[]}"
1_1_2_0000000000000000000f,Ramanathapuram,35.935183130815716,2021,"{""type"":""MultiPoint"",""coordinates"":[]}"
1_1_2_00000000000000000011,Salem,32.516506453507866,2021,"{""type"":""MultiPoint"",""coordinates"":[]}"
1_1_2_00000000000000000012,Sivaganga,35.719670730539946,2021,"{""type"":""MultiPoint"",""coordinates"":[]}"
1_1_2_00000000000000000013,Theni,31.09808324908529,2021,"{""type"":""MultiPoint"",""coordinates"":[]}"
1_1_2_00000000000000000015,Thiruvarur,33.712065886583396,2021,"{""type"":""MultiPoint"",""coordinates"":[]}"
1_1_2_00000000000000000016,Tiruchirappalli,35.44646490636906,2021,"{""type"":""MultiPoint"",""coordinates"":[]}"
1_1_2_00000000000000000017,Tirunelveli,32.94765108617056,2021,"{""type"":""MultiPoint"",""coordinates"":[]}"
1_1_2_00000000000000000018,Tiruppur,35.15028068271602,2021,"{""type"":""MultiPoint"",""coordinates"":[]}"
1_1_2_0000000000000000001a,Thiruvallur,33.36517930288956,2021,"{""type"":""MultiPoint"",""coordinates"":[]}"
1_1_2_0000000000000000001b,Tiruvannamalai,33.0234703808656,2021,"{""type"":""MultiPoint"",""coordinates"":[]}"
1_1_2_0000000000000000001d,Vellore,32.1997743079031,2021,"{""type"":""MultiPoint"",""coordinates"":[]}"
1_1_2_0000000000000000001f,Virudhunagar,37.090290724368515,2021,"{""type"":""MultiPoint"",""coordinates"":[]}"
1_1_2_00000000000000000020,Krishnagiri,32.31041265224785,2021,"{""type"":""MultiPoint"",""coordinates"":[]}"
1_1_2_00000000000000000021,Nagapattinam,33.75816499227223,2021,"{""type"":""MultiPoint"",""coordinates"":[]}"
1_1_2_00000000000000000024,Thanjavur,33.38563671537342,2021,"{""type"":""MultiPoint"",""coordinates"":[]}"
1_1_2_00000000000000000025,Pudukkottai,34.98001375627627,2021,"{""type"":""MultiPoint"",""coordinates"":[]}"
1_1_2_00000000000000000001,Chengalpattu,33.20095694533941,2021,"{""type"":""MultiPoint"",""coordinates"":[]}"
1_1_2_00000000000000000010,Ranipet,33.7608938784342,2021,"{""type"":""MultiPoint"",""coordinates"":[]}"
1_1_2_00000000000000000014,Tenkasi,33.8014292809564,2021,"{""type"":""MultiPoint"",""coordinates"":[]}"
1_1_2_00000000000000000022,Mayiladuthurai,33.14415443760882,2021,"{""type"":""MultiPoint"",""coordinates"":[]}"
1_1_2_0000000000000000001c,Tuticorin,37.4388558822,2021,"{""type"":""MultiPoint"",""coordinates"":[]}"
1_1_2_0000000000000000001e,Villupuram,33.75735445906318,2021,"{""type"":""MultiPoint"",""coordinates"":[]}"
1_1_2_00000000000000000023,Kanchipuram,33.42151437191444,2021,"{""type"":""MultiPoint"",""coordinates"":[]}"
1_1_2_00000000000000000008,Kallakurichi,33.76926584790521,2021,"{""type"":""MultiPoint"",""coordinates"":[]}"
1_1_2_00000000000000000019,Tirupathur,31.788734032233158,2021,"{""type"":""MultiPoint"",""coordinates"":[]}"
1_2_00000000000000000000,Ariyalur,34.214475135106895,2022,"{""type"":""MultiPoint"",""coordinates"":[]}"
1_2_00000000000000000002,Chennai,34.21465009869296,2022,"{""type"":""MultiPoint"",""coordinates"":[]}"
1_2_00000000000000000003,Coimbatore,30.731674392450063,2022,"{""type"":""MultiPoint"",""coordinates"":[]}"
1_2_00000000000000000004,Cuddalore,33.402396651567464,2022,"{""type"":""MultiPoint"",""coordinates"":[]}"
1_2_00000000000000000005,Dharmapuri,31.338851578258907,2022,"{""type"":""MultiPoint"",""coordinates"":[]}"
1_2_00000000000000000006,Dindigul,31.613740286628293,2022,"{""type"":""MultiPoint"",""coordinates"":[]}"
1_2_00000000000000000007,Erode,31.31649375705746,2022,"{""type"":""MultiPoint"",""coordinates"":[]}"
1_2_00000000000000000009,Kanniyakumari,29.20363314923272,2022,"{""type"":""MultiPoint"",""coordinates"":[]}"
1_2_0000000000000000000a,Karur,35.827570810796125,2022,"{""type"":""MultiPoint"",""coordinates"":[]}"
1_2_0000000000000000000b,Madurai,34.035963225841854,2022,"{""type"":""MultiPoint"",""coordinates"":[]}"
1_2_0000000000000000000c,The Nilgiris,24.34394988492581,2022,"{""type"":""MultiPoint"",""coordinates"":[]}"
1_2_0000000000000000000d,Namakkal,33.34254256730212,2022,"{""type"":""MultiPoint"",""coordinates"":[]}"
1_2_0000000000000000000e,Perambalur,35.02979146589606,2022,"{""type"":""MultiPoint"",""coordinates"":[]}"
1_2_0000000000000000000f,Ramanathapuram,35.74064840275274,2022,"{""type"":""MultiPoint"",""coordinates"":[]}"
1_2_00000000000000000011,Salem,31.17311493481452,2022,"{""type"":""MultiPoint"",""coordinates"":[]}"
1_2_00000000000000000012,Sivaganga,34.70845025247107,2022,"{""type"":""MultiPoint"",""coordinates"":[]}"
1_2_00000000000000000013,Theni,30.745758471998627,2022,"{""type"":""MultiPoint"",""coordinates"":[]}"
1_2_00000000000000000015,Thiruvarur,32.084494676529175,2022,"{""type"":""MultiPoint"",""coordinates"":[]}"
1_2_00000000000000000016,Tiruchirappalli,34.022100803739406,2022,"{""type"":""MultiPoint"",""coordinates"":[]}"
1_2_00000000000000000017,Tirunelveli,33.439061960636536,2022,"{""type"":""MultiPoint"",""coordinates"":[]}"
1_2_00000000000000000018,Tiruppur,34.10170101510425,2022,"{""type"":""MultiPoint"",""coordinates"":[]}"
1_2_0000000000000000001a,Thiruvallur,32.705951623549026,2022,"{""type"":""MultiPoint"",""coordinates"":[]}"
1_2_0000000000000000001b,Tiruvannamalai,31.94947678266134,2022,"{""type"":""MultiPoint"",""coordinates"":[]}"
1_2_0000000000000000001d,Vellore,30.69430851210929,2022,"{""type"":""MultiPoint"",""coordinates"":[]}"
1_2_0000000000000000001f,Virudhunagar,36.09963011707025,2022,"{""type"":""MultiPoint"",""coordinates"":[]}"
1_2_00000000000000000020,Krishnagiri,30.608396752459228,2022,"{""type"":""MultiPoint"",""coordinates"":[]}"
1_2_00000000000000000021,Nagapattinam,32.12477334103906,2022,"{""type"":""MultiPoint"",""coordinates"":[]}"
1_2_00000000000000000024,Thanjavur,32.108164882844285,2022,"{""type"":""MultiPoint"",""coordinates"":[]}"
1_2_00000000000000000025,Pudukkottai,33.95981666796263,2022,"{""type"":""MultiPoint"",""coordinates"":[]}"
1_2_00000000000000000001,Chengalpattu,32.67991128700214,2022,"{""type"":""MultiPoint"",""coordinates"":[]}"
1_2_00000000000000000010,Ranipet,32.42335830299109,2022,"{""type"":""MultiPoint"",""coordinates"":[]}"
1_2_00000000000000000014,Tenkasi,33.9256020014112,2022,"{""type"":""MultiPoint"",""coordinates"":[]}"
1_2_00000000000000000022,Mayiladuthurai,32.06362926276517,2022,"{""type"":""MultiPoint"",""coordinates"":[]}"
1_2_0000000000000000001c,Tuticorin,37.29829686114069,2022,"{""type"":""MultiPoint"",""coordinates"":[]}"
1_2_0000000000000000001e,Villupuram,33.41073864039308,2022,"{""type"":""MultiPoint"",""coordinates"":[]}"
1_2_00000000000000000023,Kanchipuram,32.28817928746161,2022,"{""type"":""MultiPoint"",""coordinates"":[]}"
1_2_00000000000000000008,Kallakurichi,32.85611462732557,2022,"{""type"":""MultiPoint"",""coordinates"":[]}"
1_2_00000000000000000019,Tirupathur,30.174739850346068,2022,"{""type"":""MultiPoint"",""coordinates"":[]}"
2_00000000000000000000,Ariyalur,34.368707492118,2023,"{""type"":""MultiPoint"",""coordinates"":[]}"
2_00000000000000000002,Chennai,34.17281221230986,2023,"{""type"":""MultiPoint"",""coordinates"":[]}"
2_00000000000000000003,Coimbatore,31.809426612633047,2023,"{""type"":""MultiPoint"",""coordinates"":[]}"
2_00000000000000000004,Cuddalore,33.68437244758095,2023,"{""type"":""MultiPoint"",""coordinates"":[]}"
2_00000000000000000005,Dharmapuri,31.989204950250773,2023,"{""type"":""MultiPoint"",""coordinates"":[]}"
2_00000000000000000006,Dindigul,31.813595013628817,2023,"{""type"":""MultiPoint"",""coordinates"":[]}"
2_00000000000000000007,Erode,32.32630588738494,2023,"{""type"":""MultiPoint"",""coordinates"":[]}"
2_00000000000000000009,Kanniyakumari,29.28813368829423,2023,"{""type"":""MultiPoint"",""coordinates"":[]}"
2_0000000000000000000a,Karur,35.97890636268641,2023,"{""type"":""MultiPoint"",""coordinates"":[]}"
2_0000000000000000000b,Madurai,34.2470061383922,2023,"{""type"":""MultiPoint"",""coordinates"":[]}"
2_0000000000000000000c,The Nilgiris,24.589334264630693,2023,"{""type"":""MultiPoint"",""coordinates"":[]}"
2_0000000000000000000d,Namakkal,33.828064416555144,2023,"{""type"":""MultiPoint"",""coordinates"":[]}"
2_0000000000000000000e,Perambalur,35.32551611735604,2023,"{""type"":""MultiPoint"",""coordinates"":[]}"
2_0000000000000000000f,Ramanathapuram,36.210427658625626,2023,"{""type"":""MultiPoint"",""coordinates"":[]}"
2_00000000000000000011,Salem,31.70402864336757,2023,"{""type"":""MultiPoint"",""coordinates"":[]}"
2_00000000000000000012,Sivaganga,34.92406587716569,2023,"{""type"":""MultiPoint"",""coordinates"":[]}"
2_00000000000000000013,Theni,31.091849171964984,2023,"{""type"":""MultiPoint"",""coordinates"":[]}"
2_00000000000000000015,Thiruvarur,32.224771270482634,2023,"{""type"":""MultiPoint"",""coordinates"":[]}"
2_00000000000000000016,Tiruchirappalli,34.373971976795275,2023,"{""type"":""MultiPoint"",""coordinates"":[]}"
2_00000000000000000017,Tirunelveli,34.235786000391634,2023,"{""type"":""MultiPoint"",""coordinates"":[]}"
2_00000000000000000018,Tiruppur,35.137784634280095,2023,"{""type"":""MultiPoint"",""coordinates"":[]}"
2_0000000000000000001a,Thiruvallur,32.603574826360365,2023,"{""type"":""MultiPoint"",""coordinates"":[]}"
2_0000000000000000001b,Tiruvannamalai,32.23342223606991,2023,"{""type"":""MultiPoint"",""coordinates"":[]}"
2_0000000000000000001d,Vellore,31.28344979639055,2023,"{""type"":""MultiPoint"",""coordinates"":[]}"
2_0000000000000000001f,Virudhunagar,36.61459326074659,2023,"{""type"":""MultiPoint"",""coordinates"":[]}"
2_00000000000000000020,Krishnagiri,31.251055549413014,2023,"{""type"":""MultiPoint"",""coordinates"":[]}"
2_00000000000000000021,Nagapattinam,32.678459411684436,2023,"{""type"":""MultiPoint"",""coordinates"":[]}"
2_00000000000000000024,Thanjavur,32.07214314240772,2023,"{""type"":""MultiPoint"",""coordinates"":[]}"
2_00000000000000000025,Pudukkottai,34.36596672784169,2023,"{""type"":""MultiPoint"",""coordinates"":[]}"
2_00000000000000000001,Chengalpattu,32.40725218765069,2023,"{""type"":""MultiPoint"",""coordinates"":[]}"
2_00000000000000000010,Ranipet,32.74428857846214,2023,"{""type"":""MultiPoint"",""coordinates"":[]}"
2_00000000000000000014,Tenkasi,34.623384985101445,2023,"{""type"":""MultiPoint"",""coordinates"":[]}"
2_00000000000000000022,Mayiladuthurai,32.10156240525792,2023,"{""type"":""MultiPoint"",""coordinates"":[]}"
2_0000000000000000001c,Tuticorin,37.96182063689335,2023,"{""type"":""MultiPoint"",""coordinates"":[]}"
2_0000000000000000001e,Villupuram,33.74500050819351,2023,"{""type"":""MultiPoint"",""coordinates"":[]}"
2_00000000000000000023,Kanchipuram,32.381356597604224,2023,"{""type"":""MultiPoint"",""coordinates"":[]}"
2_00000000000000000008,Kallakurichi,33.16518232613875,2023,"{""type"":""MultiPoint"",""coordinates"":[]}"
2_00000000000000000019,Tirupathur,30.622799143781695,2023,"{""type"":""MultiPoint"",""coordinates"":[]}"
