system:index,District,Min_Temperature_C,Year,.geo
1_1_1_1_1_1_1_1_2_00000000000000000000,Ariyalur,21.809697596433235,2015,"{""type"":""MultiPoint"",""coordinates"":[]}"
1_1_1_1_1_1_1_1_2_00000000000000000002,Chennai,22.747634823144896,2015,"{""type"":""MultiPoint"",""coordinates"":[]}"
1_1_1_1_1_1_1_1_2_00000000000000000003,Coimbatore,19.169064868091965,2015,"{""type"":""MultiPoint"",""coordinates"":[]}"
1_1_1_1_1_1_1_1_2_00000000000000000004,Cuddalore,21.95832388713907,2015,"{""type"":""MultiPoint"",""coordinates"":[]}"
1_1_1_1_1_1_1_1_2_00000000000000000005,Dharmapuri,19.281534645838867,2015,"{""type"":""MultiPoint"",""coordinates"":[]}"
1_1_1_1_1_1_1_1_2_00000000000000000006,Dindigul,19.409238433273565,2015,"{""type"":""MultiPoint"",""coordinates"":[]}"
1_1_1_1_1_1_1_1_2_00000000000000000007,Erode,19.381231957407532,2015,"{""type"":""MultiPoint"",""coordinates"":[]}"
1_1_1_1_1_1_1_1_2_00000000000000000009,Kanniyakumari,21.842982196648144,2015,"{""type"":""MultiPoint"",""coordinates"":[]}"
1_1_1_1_1_1_1_1_2_0000000000000000000a,Karur,21.410411439126054,2015,"{""type"":""MultiPoint"",""coordinates"":[]}"
1_1_1_1_1_1_1_1_2_0000000000000000000b,Madurai,20.431301447023408,2015,"{""type"":""MultiPoint"",""coordinates"":[]}"
1_1_1_1_1_1_1_1_2_0000000000000000000c,The Nilgiris,14.496876552996582,2015,"{""type"":""MultiPoint"",""coordinates"":[]}"
1_1_1_1_1_1_1_1_2_0000000000000000000d,Namakkal,20.58036972949998,2015,"{""type"":""MultiPoint"",""coordinates"":[]}"
1_1_1_1_1_1_1_1_2_0000000000000000000e,Perambalur,21.011390659469278,2015,"{""type"":""MultiPoint"",""coordinates"":[]}"
1_1_1_1_1_1_1_1_2_0000000000000000000f,Ramanathapuram,22.940531733641006,2015,"{""type"":""MultiPoint"",""coordinates"":[]}"
1_1_1_1_1_1_1_1_2_00000000000000000011,Salem,19.92191876532634,2015,"{""type"":""MultiPoint"",""coordinates"":[]}"
1_1_1_1_1_1_1_1_2_00000000000000000012,Sivaganga,21.98855447228112,2015,"{""type"":""MultiPoint"",""coordinates"":[]}"
1_1_1_1_1_1_1_1_2_00000000000000000013,Theni,17.60095538455874,2015,"{""type"":""MultiPoint"",""coordinates"":[]}"
1_1_1_1_1_1_1_1_2_00000000000000000015,Thiruvarur,22.749183545223275,2015,"{""type"":""MultiPoint"",""coordinates"":[]}"
1_1_1_1_1_1_1_1_2_00000000000000000016,Tiruchirappalli,21.28742710504156,2015,"{""type"":""MultiPoint"",""coordinates"":[]}"
1_1_1_1_1_1_1_1_2_00000000000000000017,Tirunelveli,21.29497559990589,2015,"{""type"":""MultiPoint"",""coordinates"":[]}"
1_1_1_1_1_1_1_1_2_00000000000000000018,Tiruppur,20.054644884689836,2015,"{""type"":""MultiPoint"",""coordinates"":[]}"
1_1_1_1_1_1_1_1_2_0000000000000000001a,Thiruvallur,21.58824788815082,2015,"{""type"":""MultiPoint"",""coordinates"":[]}"
1_1_1_1_1_1_1_1_2_0000000000000000001b,Tiruvannamalai,20.485043946938635,2015,"{""type"":""MultiPoint"",""coordinates"":[]}"
1_1_1_1_1_1_1_1_2_0000000000000000001d,Vellore,19.35823322054313,2015,"{""type"":""MultiPoint"",""coordinates"":[]}"
1_1_1_1_1_1_1_1_2_0000000000000000001f,Virudhunagar,20.970075909080162,2015,"{""type"":""MultiPoint"",""coordinates"":[]}"
1_1_1_1_1_1_1_1_2_00000000000000000020,Krishnagiri,17.799861234607352,2015,"{""type"":""MultiPoint"",""coordinates"":[]}"
1_1_1_1_1_1_1_1_2_00000000000000000021,Nagapattinam,24.139892991754405,2015,"{""type"":""MultiPoint"",""coordinates"":[]}"
1_1_1_1_1_1_1_1_2_00000000000000000024,Thanjavur,22.133986563766957,2015,"{""type"":""MultiPoint"",""coordinates"":[]}"
1_1_1_1_1_1_1_1_2_00000000000000000025,Pudukkottai,21.878833973826385,2015,"{""type"":""MultiPoint"",""coordinates"":[]}"
1_1_1_1_1_1_1_1_2_00000000000000000001,Chengalpattu,22.830311095256576,2015,"{""type"":""MultiPoint"",""coordinates"":[]}"
1_1_1_1_1_1_1_1_2_00000000000000000010,Ranipet,20.73287191715612,2015,"{""type"":""MultiPoint"",""coordinates"":[]}"
1_1_1_1_1_1_1_1_2_00000000000000000014,Tenkasi,20.123927365264624,2015,"{""type"":""MultiPoint"",""coordinates"":[]}"
1_1_1_1_1_1_1_1_2_00000000000000000022,Mayiladuthurai,23.289052527100754,2015,"{""type"":""MultiPoint"",""coordinates"":[]}"
1_1_1_1_1_1_1_1_2_0000000000000000001c,Tuticorin,22.548816662098076,2015,"{""type"":""MultiPoint"",""coordinates"":[]}"
1_1_1_1_1_1_1_1_2_0000000000000000001e,Villupuram,21.81991544423385,2015,"{""type"":""MultiPoint"",""coordinates"":[]}"
1_1_1_1_1_1_1_1_2_00000000000000000023,Kanchipuram,21.806679713572276,2015,"{""type"":""MultiPoint"",""coordinates"":[]}"
1_1_1_1_1_1_1_1_2_00000000000000000008,Kallakurichi,20.78332247399257,2015,"{""type"":""MultiPoint"",""coordinates"":[]}"
1_1_1_1_1_1_1_1_2_00000000000000000019,Tirupathur,18.78801732077857,2015,"{""type"":""MultiPoint"",""coordinates"":[]}"
1_1_1_1_1_1_1_2_00000000000000000000,Ariyalur,21.911568921241166,2016,"{""type"":""MultiPoint"",""coordinates"":[]}"
1_1_1_1_1_1_1_2_00000000000000000002,Chennai,22.227682887086104,2016,"{""type"":""MultiPoint"",""coordinates"":[]}"
1_1_1_1_1_1_1_2_00000000000000000003,Coimbatore,19.648646531576894,2016,"{""type"":""MultiPoint"",""coordinates"":[]}"
1_1_1_1_1_1_1_2_00000000000000000004,Cuddalore,21.87414313006697,2016,"{""type"":""MultiPoint"",""coordinates"":[]}"
1_1_1_1_1_1_1_2_00000000000000000005,Dharmapuri,19.646135458133184,2016,"{""type"":""MultiPoint"",""coordinates"":[]}"
1_1_1_1_1_1_1_2_00000000000000000006,Dindigul,19.91865104188662,2016,"{""type"":""MultiPoint"",""coordinates"":[]}"
1_1_1_1_1_1_1_2_00000000000000000007,Erode,19.826060821981454,2016,"{""type"":""MultiPoint"",""coordinates"":[]}"
1_1_1_1_1_1_1_2_00000000000000000009,Kanniyakumari,22.16376504818201,2016,"{""type"":""MultiPoint"",""coordinates"":[]}"
1_1_1_1_1_1_1_2_0000000000000000000a,Karur,21.905716061201275,2016,"{""type"":""MultiPoint"",""coordinates"":[]}"
1_1_1_1_1_1_1_2_0000000000000000000b,Madurai,20.86174137807265,2016,"{""type"":""MultiPoint"",""coordinates"":[]}"
1_1_1_1_1_1_1_2_0000000000000000000c,The Nilgiris,14.796594822692821,2016,"{""type"":""MultiPoint"",""coordinates"":[]}"
1_1_1_1_1_1_1_2_0000000000000000000d,Namakkal,21.109184016651902,2016,"{""type"":""MultiPoint"",""coordinates"":[]}"
1_1_1_1_1_1_1_2_0000000000000000000e,Perambalur,21.004032240996672,2016,"{""type"":""MultiPoint"",""coordinates"":[]}"
1_1_1_1_1_1_1_2_0000000000000000000f,Ramanathapuram,23.353563463369888,2016,"{""type"":""MultiPoint"",""coordinates"":[]}"
1_1_1_1_1_1_1_2_00000000000000000011,Salem,20.2198916685878,2016,"{""type"":""MultiPoint"",""coordinates"":[]}"
1_1_1_1_1_1_1_2_00000000000000000012,Sivaganga,22.183283125615976,2016,"{""type"":""MultiPoint"",""coordinates"":[]}"
1_1_1_1_1_1_1_2_00000000000000000013,Theni,18.344185654169006,2016,"{""type"":""MultiPoint"",""coordinates"":[]}"
1_1_1_1_1_1_1_2_00000000000000000015,Thiruvarur,22.729293336492795,2016,"{""type"":""MultiPoint"",""coordinates"":[]}"
1_1_1_1_1_1_1_2_00000000000000000016,Tiruchirappalli,21.595043855640167,2016,"{""type"":""MultiPoint"",""coordinates"":[]}"
1_1_1_1_1_1_1_2_00000000000000000017,Tirunelveli,21.741844277230495,2016,"{""type"":""MultiPoint"",""coordinates"":[]}"
1_1_1_1_1_1_1_2_00000000000000000018,Tiruppur,20.644876533262476,2016,"{""type"":""MultiPoint"",""coordinates"":[]}"
1_1_1_1_1_1_1_2_0000000000000000001a,Thiruvallur,21.313085667420403,2016,"{""type"":""MultiPoint"",""coordinates"":[]}"
1_1_1_1_1_1_1_2_0000000000000000001b,Tiruvannamalai,20.160199142848544,2016,"{""type"":""MultiPoint"",""coordinates"":[]}"
1_1_1_1_1_1_1_2_0000000000000000001d,Vellore,19.235395575699723,2016,"{""type"":""MultiPoint"",""coordinates"":[]}"
1_1_1_1_1_1_1_2_0000000000000000001f,Virudhunagar,21.570149123434117,2016,"{""type"":""MultiPoint"",""coordinates"":[]}"
1_1_1_1_1_1_1_2_00000000000000000020,Krishnagiri,18.02650952252044,2016,"{""type"":""MultiPoint"",""coordinates"":[]}"
1_1_1_1_1_1_1_2_00000000000000000021,Nagapattinam,24.339653841506284,2016,"{""type"":""MultiPoint"",""coordinates"":[]}"
1_1_1_1_1_1_1_2_00000000000000000024,Thanjavur,22.361375985096203,2016,"{""type"":""MultiPoint"",""coordinates"":[]}"
1_1_1_1_1_1_1_2_00000000000000000025,Pudukkottai,22.13378150676249,2016,"{""type"":""MultiPoint"",""coordinates"":[]}"
1_1_1_1_1_1_1_2_00000000000000000001,Chengalpattu,22.49945981054417,2016,"{""type"":""MultiPoint"",""coordinates"":[]}"
1_1_1_1_1_1_1_2_00000000000000000010,Ranipet,20.598150236810245,2016,"{""type"":""MultiPoint"",""coordinates"":[]}"
1_1_1_1_1_1_1_2_00000000000000000014,Tenkasi,20.7678439376616,2016,"{""type"":""MultiPoint"",""coordinates"":[]}"
1_1_1_1_1_1_1_2_00000000000000000022,Mayiladuthurai,23.417646722893718,2016,"{""type"":""MultiPoint"",""coordinates"":[]}"
1_1_1_1_1_1_1_2_0000000000000000001c,Tuticorin,23.087239942230898,2016,"{""type"":""MultiPoint"",""coordinates"":[]}"
1_1_1_1_1_1_1_2_0000000000000000001e,Villupuram,21.47782077097317,2016,"{""type"":""MultiPoint"",""coordinates"":[]}"
1_1_1_1_1_1_1_2_00000000000000000023,Kanchipuram,21.43414508156903,2016,"{""type"":""MultiPoint"",""coordinates"":[]}"
1_1_1_1_1_1_1_2_00000000000000000008,Kallakurichi,20.579965798928797,2016,"{""type"":""MultiPoint"",""coordinates"":[]}"
1_1_1_1_1_1_1_2_00000000000000000019,Tirupathur,18.927789406227987,2016,"{""type"":""MultiPoint"",""coordinates"":[]}"
1_1_1_1_1_1_2_00000000000000000000,Ariyalur,22.16876792771963,2017,"{""type"":""MultiPoint"",""coordinates"":[]}"
1_1_1_1_1_1_2_00000000000000000002,Chennai,22.959364485278922,2017,"{""type"":""MultiPoint"",""coordinates"":[]}"
1_1_1_1_1_1_2_00000000000000000003,Coimbatore,19.47640533221883,2017,"{""type"":""MultiPoint"",""coordinates"":[]}"
1_1_1_1_1_1_2_00000000000000000004,Cuddalore,22.3156305558358,2017,"{""type"":""MultiPoint"",""coordinates"":[]}"
1_1_1_1_1_1_2_00000000000000000005,Dharmapuri,19.542481005801083,2017,"{""type"":""MultiPoint"",""coordinates"":[]}"
1_1_1_1_1_1_2_00000000000000000006,Dindigul,19.858178334675966,2017,"{""type"":""MultiPoint"",""coordinates"":[]}"
1_1_1_1_1_1_2_00000000000000000007,Erode,19.736891366644663,2017,"{""type"":""MultiPoint"",""coordinates"":[]}"
1_1_1_1_1_1_2_00000000000000000009,Kanniyakumari,22.12016144214166,2017,"{""type"":""MultiPoint"",""coordinates"":[]}"
1_1_1_1_1_1_2_0000000000000000000a,Karur,21.752324403338875,2017,"{""type"":""MultiPoint"",""coordinates"":[]}"
1_1_1_1_1_1_2_0000000000000000000b,Madurai,21.185944578997653,2017,"{""type"":""MultiPoint"",""coordinates"":[]}"
1_1_1_1_1_1_2_0000000000000000000c,The Nilgiris,14.714072748912137,2017,"{""type"":""MultiPoint"",""coordinates"":[]}"
1_1_1_1_1_1_2_0000000000000000000d,Namakkal,20.92047481448022,2017,"{""type"":""MultiPoint"",""coordinates"":[]}"
1_1_1_1_1_1_2_0000000000000000000e,Perambalur,21.327455170983917,2017,"{""type"":""MultiPoint"",""coordinates"":[]}"
1_1_1_1_1_1_2_0000000000000000000f,Ramanathapuram,23.407080420716813,2017,"{""type"":""MultiPoint"",""coordinates"":[]}"
1_1_1_1_1_1_2_00000000000000000011,Salem,20.178895650575548,2017,"{""type"":""MultiPoint"",""coordinates"":[]}"
1_1_1_1_1_1_2_00000000000000000012,Sivaganga,22.531972397986426,2017,"{""type"":""MultiPoint"",""coordinates"":[]}"
1_1_1_1_1_1_2_00000000000000000013,Theni,18.198014488949383,2017,"{""type"":""MultiPoint"",""coordinates"":[]}"
1_1_1_1_1_1_2_00000000000000000015,Thiruvarur,22.85047886376468,2017,"{""type"":""MultiPoint"",""coordinates"":[]}"
1_1_1_1_1_1_2_00000000000000000016,Tiruchirappalli,21.60472508623392,2017,"{""type"":""MultiPoint"",""coordinates"":[]}"
1_1_1_1_1_1_2_00000000000000000017,Tirunelveli,21.428346282274024,2017,"{""type"":""MultiPoint"",""coordinates"":[]}"
1_1_1_1_1_1_2_00000000000000000018,Tiruppur,20.512091176207026,2017,"{""type"":""MultiPoint"",""coordinates"":[]}"
1_1_1_1_1_1_2_0000000000000000001a,Thiruvallur,21.85834562928749,2017,"{""type"":""MultiPoint"",""coordinates"":[]}"
1_1_1_1_1_1_2_0000000000000000001b,Tiruvannamalai,20.656877260220853,2017,"{""type"":""MultiPoint"",""coordinates"":[]}"
1_1_1_1_1_1_2_0000000000000000001d,Vellore,19.417660454821565,2017,"{""type"":""MultiPoint"",""coordinates"":[]}"
1_1_1_1_1_1_2_0000000000000000001f,Virudhunagar,21.64388243363118,2017,"{""type"":""MultiPoint"",""coordinates"":[]}"
1_1_1_1_1_1_2_00000000000000000020,Krishnagiri,18.085251942807623,2017,"{""type"":""MultiPoint"",""coordinates"":[]}"
1_1_1_1_1_1_2_00000000000000000021,Nagapattinam,24.294918159745734,2017,"{""type"":""MultiPoint"",""coordinates"":[]}"
1_1_1_1_1_1_2_00000000000000000024,Thanjavur,22.430538886715134,2017,"{""type"":""MultiPoint"",""coordinates"":[]}"
1_1_1_1_1_1_2_00000000000000000025,Pudukkottai,22.308733426067977,2017,"{""type"":""MultiPoint"",""coordinates"":[]}"
1_1_1_1_1_1_2_00000000000000000001,Chengalpattu,22.984078045624212,2017,"{""type"":""MultiPoint"",""coordinates"":[]}"
1_1_1_1_1_1_2_00000000000000000010,Ranipet,20.95301105976597,2017,"{""type"":""MultiPoint"",""coordinates"":[]}"
1_1_1_1_1_1_2_00000000000000000014,Tenkasi,20.203728202022525,2017,"{""type"":""MultiPoint"",""coordinates"":[]}"
1_1_1_1_1_1_2_00000000000000000022,Mayiladuthurai,23.449349010608355,2017,"{""type"":""MultiPoint"",""coordinates"":[]}"
1_1_1_1_1_1_2_0000000000000000001c,Tuticorin,22.90376778992509,2017,"{""type"":""MultiPoint"",""coordinates"":[]}"
1_1_1_1_1_1_2_0000000000000000001e,Villupuram,22.098758931805584,2017,"{""type"":""MultiPoint"",""coordinates"":[]}"
1_1_1_1_1_1_2_00000000000000000023,Kanchipuram,21.93923613642419,2017,"{""type"":""MultiPoint"",""coordinates"":[]}"
1_1_1_1_1_1_2_00000000000000000008,Kallakurichi,20.98530464986601,2017,"{""type"":""MultiPoint"",""coordinates"":[]}"
1_1_1_1_1_1_2_00000000000000000019,Tirupathur,18.98899035231384,2017,"{""type"":""MultiPoint"",""coordinates"":[]}"
1_1_1_1_1_2_00000000000000000000,Ariyalur,21.59988264438586,2018,"{""type"":""MultiPoint"",""coordinates"":[]}"
1_1_1_1_1_2_00000000000000000002,Chennai,22.2562163093404,2018,"{""type"":""MultiPoint"",""coordinates"":[]}"
1_1_1_1_1_2_00000000000000000003,Coimbatore,19.020675858077034,2018,"{""type"":""MultiPoint"",""coordinates"":[]}"
1_1_1_1_1_2_00000000000000000004,Cuddalore,21.7564313956475,2018,"{""type"":""MultiPoint"",""coordinates"":[]}"
1_1_1_1_1_2_00000000000000000005,Dharmapuri,18.798850350054312,2018,"{""type"":""MultiPoint"",""coordinates"":[]}"
1_1_1_1_1_2_00000000000000000006,Dindigul,19.466245562593492,2018,"{""type"":""MultiPoint"",""coordinates"":[]}"
1_1_1_1_1_2_00000000000000000007,Erode,19.093681151320947,2018,"{""type"":""MultiPoint"",""coordinates"":[]}"
1_1_1_1_1_2_00000000000000000009,Kanniyakumari,21.853110472201514,2018,"{""type"":""MultiPoint"",""coordinates"":[]}"
1_1_1_1_1_2_0000000000000000000a,Karur,21.308798359084694,2018,"{""type"":""MultiPoint"",""coordinates"":[]}"
1_1_1_1_1_2_0000000000000000000b,Madurai,20.604777188210523,2018,"{""type"":""MultiPoint"",""coordinates"":[]}"
1_1_1_1_1_2_0000000000000000000c,The Nilgiris,14.168699847395786,2018,"{""type"":""MultiPoint"",""coordinates"":[]}"
1_1_1_1_1_2_0000000000000000000d,Namakkal,20.291613942674612,2018,"{""type"":""MultiPoint"",""coordinates"":[]}"
1_1_1_1_1_2_0000000000000000000e,Perambalur,20.68150513088269,2018,"{""type"":""MultiPoint"",""coordinates"":[]}"
1_1_1_1_1_2_0000000000000000000f,Ramanathapuram,22.723201436614684,2018,"{""type"":""MultiPoint"",""coordinates"":[]}"
1_1_1_1_1_2_00000000000000000011,Salem,19.463685988090738,2018,"{""type"":""MultiPoint"",""coordinates"":[]}"
1_1_1_1_1_2_00000000000000000012,Sivaganga,21.745615893745356,2018,"{""type"":""MultiPoint"",""coordinates"":[]}"
1_1_1_1_1_2_00000000000000000013,Theni,18.03534549861009,2018,"{""type"":""MultiPoint"",""coordinates"":[]}"
1_1_1_1_1_2_00000000000000000015,Thiruvarur,22.438841742872416,2018,"{""type"":""MultiPoint"",""coordinates"":[]}"
1_1_1_1_1_2_00000000000000000016,Tiruchirappalli,21.011659740007666,2018,"{""type"":""MultiPoint"",""coordinates"":[]}"
1_1_1_1_1_2_00000000000000000017,Tirunelveli,21.24812027753447,2018,"{""type"":""MultiPoint"",""coordinates"":[]}"
1_1_1_1_1_2_00000000000000000018,Tiruppur,20.09274366873283,2018,"{""type"":""MultiPoint"",""coordinates"":[]}"
1_1_1_1_1_2_0000000000000000001a,Thiruvallur,21.050531419729218,2018,"{""type"":""MultiPoint"",""coordinates"":[]}"
1_1_1_1_1_2_0000000000000000001b,Tiruvannamalai,19.781718217326166,2018,"{""type"":""MultiPoint"",""coordinates"":[]}"
1_1_1_1_1_2_0000000000000000001d,Vellore,18.684844110847532,2018,"{""type"":""MultiPoint"",""coordinates"":[]}"
1_1_1_1_1_2_0000000000000000001f,Virudhunagar,21.22277062866786,2018,"{""type"":""MultiPoint"",""coordinates"":[]}"
1_1_1_1_1_2_00000000000000000020,Krishnagiri,17.29537305448724,2018,"{""type"":""MultiPoint"",""coordinates"":[]}"
1_1_1_1_1_2_00000000000000000021,Nagapattinam,24.162815094512865,2018,"{""type"":""MultiPoint"",""coordinates"":[]}"
1_1_1_1_1_2_00000000000000000024,Thanjavur,21.857989008373924,2018,"{""type"":""MultiPoint"",""coordinates"":[]}"
1_1_1_1_1_2_00000000000000000025,Pudukkottai,21.66240394322254,2018,"{""type"":""MultiPoint"",""coordinates"":[]}"
1_1_1_1_1_2_00000000000000000001,Chengalpattu,22.497132306678296,2018,"{""type"":""MultiPoint"",""coordinates"":[]}"
1_1_1_1_1_2_00000000000000000010,Ranipet,20.126964223284467,2018,"{""type"":""MultiPoint"",""coordinates"":[]}"
1_1_1_1_1_2_00000000000000000014,Tenkasi,20.282405324895088,2018,"{""type"":""MultiPoint"",""coordinates"":[]}"
1_1_1_1_1_2_00000000000000000022,Mayiladuthurai,23.226155341286507,2018,"{""type"":""MultiPoint"",""coordinates"":[]}"
1_1_1_1_1_2_0000000000000000001c,Tuticorin,22.54576780158523,2018,"{""type"":""MultiPoint"",""coordinates"":[]}"
1_1_1_1_1_2_0000000000000000001e,Villupuram,21.33102510031776,2018,"{""type"":""MultiPoint"",""coordinates"":[]}"
1_1_1_1_1_2_00000000000000000023,Kanchipuram,21.190023821908888,2018,"{""type"":""MultiPoint"",""coordinates"":[]}"
1_1_1_1_1_2_00000000000000000008,Kallakurichi,20.276031230367387,2018,"{""type"":""MultiPoint"",""coordinates"":[]}"
1_1_1_1_1_2_00000000000000000019,Tirupathur,18.175693378205253,2018,"{""type"":""MultiPoint"",""coordinates"":[]}"
1_1_1_1_2_00000000000000000000,Ariyalur,22.473227259348224,2019,"{""type"":""MultiPoint"",""coordinates"":[]}"
1_1_1_1_2_00000000000000000002,Chennai,23.291294235556173,2019,"{""type"":""MultiPoint"",""coordinates"":[]}"
1_1_1_1_2_00000000000000000003,Coimbatore,19.833297453736442,2019,"{""type"":""MultiPoint"",""coordinates"":[]}"
1_1_1_1_2_00000000000000000004,Cuddalore,22.563019642666088,2019,"{""type"":""MultiPoint"",""coordinates"":[]}"
1_1_1_1_2_00000000000000000005,Dharmapuri,19.990245114123336,2019,"{""type"":""MultiPoint"",""coordinates"":[]}"
1_1_1_1_2_00000000000000000006,Dindigul,20.19206756250285,2019,"{""type"":""MultiPoint"",""coordinates"":[]}"
1_1_1_1_2_00000000000000000007,Erode,19.958401892901698,2019,"{""type"":""MultiPoint"",""coordinates"":[]}"
1_1_1_1_2_00000000000000000009,Kanniyakumari,21.972038870001583,2019,"{""type"":""MultiPoint"",""coordinates"":[]}"
1_1_1_1_2_0000000000000000000a,Karur,22.085971349436807,2019,"{""type"":""MultiPoint"",""coordinates"":[]}"
1_1_1_1_2_0000000000000000000b,Madurai,21.295998721345125,2019,"{""type"":""MultiPoint"",""coordinates"":[]}"
1_1_1_1_2_0000000000000000000c,The Nilgiris,14.980869100104757,2019,"{""type"":""MultiPoint"",""coordinates"":[]}"
1_1_1_1_2_0000000000000000000d,Namakkal,21.25505821707088,2019,"{""type"":""MultiPoint"",""coordinates"":[]}"
1_1_1_1_2_0000000000000000000e,Perambalur,21.758004000570047,2019,"{""type"":""MultiPoint"",""coordinates"":[]}"
1_1_1_1_2_0000000000000000000f,Ramanathapuram,23.76961569187447,2019,"{""type"":""MultiPoint"",""coordinates"":[]}"
1_1_1_1_2_00000000000000000011,Salem,20.56291199927201,2019,"{""type"":""MultiPoint"",""coordinates"":[]}"
1_1_1_1_2_00000000000000000012,Sivaganga,22.719501818127473,2019,"{""type"":""MultiPoint"",""coordinates"":[]}"
1_1_1_1_2_00000000000000000013,Theni,18.473025880536266,2019,"{""type"":""MultiPoint"",""coordinates"":[]}"
1_1_1_1_2_00000000000000000015,Thiruvarur,23.322081979309964,2019,"{""type"":""MultiPoint"",""coordinates"":[]}"
1_1_1_1_2_00000000000000000016,Tiruchirappalli,22.02317656480353,2019,"{""type"":""MultiPoint"",""coordinates"":[]}"
1_1_1_1_2_00000000000000000017,Tirunelveli,21.68778756657148,2019,"{""type"":""MultiPoint"",""coordinates"":[]}"
1_1_1_1_2_00000000000000000018,Tiruppur,20.74110873005273,2019,"{""type"":""MultiPoint"",""coordinates"":[]}"
1_1_1_1_2_0000000000000000001a,Thiruvallur,22.314744325225156,2019,"{""type"":""MultiPoint"",""coordinates"":[]}"
1_1_1_1_2_0000000000000000001b,Tiruvannamalai,21.00406311336927,2019,"{""type"":""MultiPoint"",""coordinates"":[]}"
1_1_1_1_2_0000000000000000001d,Vellore,20.01437426098675,2019,"{""type"":""MultiPoint"",""coordinates"":[]}"
1_1_1_1_2_0000000000000000001f,Virudhunagar,21.900781953923122,2019,"{""type"":""MultiPoint"",""coordinates"":[]}"
1_1_1_1_2_00000000000000000020,Krishnagiri,18.633889613743328,2019,"{""type"":""MultiPoint"",""coordinates"":[]}"
1_1_1_1_2_00000000000000000021,Nagapattinam,24.608086560952568,2019,"{""type"":""MultiPoint"",""coordinates"":[]}"
1_1_1_1_2_00000000000000000024,Thanjavur,22.819487410594473,2019,"{""type"":""MultiPoint"",""coordinates"":[]}"
1_1_1_1_2_00000000000000000025,Pudukkottai,22.6328536163048,2019,"{""type"":""MultiPoint"",""coordinates"":[]}"
1_1_1_1_2_00000000000000000001,Chengalpattu,23.313114097135742,2019,"{""type"":""MultiPoint"",""coordinates"":[]}"
1_1_1_1_2_00000000000000000010,Ranipet,21.48254045259547,2019,"{""type"":""MultiPoint"",""coordinates"":[]}"
1_1_1_1_2_00000000000000000014,Tenkasi,20.829853028810916,2019,"{""type"":""MultiPoint"",""coordinates"":[]}"
1_1_1_1_2_00000000000000000022,Mayiladuthurai,23.795389065654767,2019,"{""type"":""MultiPoint"",""coordinates"":[]}"
1_1_1_1_2_0000000000000000001c,Tuticorin,23.183109061272596,2019,"{""type"":""MultiPoint"",""coordinates"":[]}"
1_1_1_1_2_0000000000000000001e,Villupuram,22.24996511140135,2019,"{""type"":""MultiPoint"",""coordinates"":[]}"
1_1_1_1_2_00000000000000000023,Kanchipuram,22.30888954778353,2019,"{""type"":""MultiPoint"",""coordinates"":[]}"
1_1_1_1_2_00000000000000000008,Kallakurichi,21.373330586939964,2019,"{""type"":""MultiPoint"",""coordinates"":[]}"
1_1_1_1_2_00000000000000000019,Tirupathur,19.52244098540676,2019,"{""type"":""MultiPoint"",""coordinates"":[]}"
1_1_1_2_00000000000000000000,Ariyalur,21.886512409822124,2020,"{""type"":""MultiPoint"",""coordinates"":[]}"
1_1_1_2_00000000000000000002,Chennai,22.633749311099134,2020,"{""type"":""MultiPoint"",""coordinates"":[]}"
1_1_1_2_00000000000000000003,Coimbatore,19.406855453651275,2020,"{""type"":""MultiPoint"",""coordinates"":[]}"
1_1_1_2_00000000000000000004,Cuddalore,21.91745979938619,2020,"{""type"":""MultiPoint"",""coordinates"":[]}"
1_1_1_2_00000000000000000005,Dharmapuri,19.509767403639284,2020,"{""type"":""MultiPoint"",""coordinates"":[]}"
1_1_1_2_00000000000000000006,Dindigul,19.72928365453764,2020,"{""type"":""MultiPoint"",""coordinates"":[]}"
1_1_1_2_00000000000000000007,Erode,19.646906693445896,2020,"{""type"":""MultiPoint"",""coordinates"":[]}"
1_1_1_2_00000000000000000009,Kanniyakumari,22.173965211609534,2020,"{""type"":""MultiPoint"",""coordinates"":[]}"
1_1_1_2_0000000000000000000a,Karur,21.65649933309841,2020,"{""type"":""MultiPoint"",""coordinates"":[]}"
1_1_1_2_0000000000000000000b,Madurai,20.899391633529568,2020,"{""type"":""MultiPoint"",""coordinates"":[]}"
1_1_1_2_0000000000000000000c,The Nilgiris,14.74150134653549,2020,"{""type"":""MultiPoint"",""coordinates"":[]}"
1_1_1_2_0000000000000000000d,Namakkal,20.998134002628706,2020,"{""type"":""MultiPoint"",""coordinates"":[]}"
1_1_1_2_0000000000000000000e,Perambalur,21.09101047453608,2020,"{""type"":""MultiPoint"",""coordinates"":[]}"
1_1_1_2_0000000000000000000f,Ramanathapuram,23.311238888479057,2020,"{""type"":""MultiPoint"",""coordinates"":[]}"
1_1_1_2_00000000000000000011,Salem,20.253215756114624,2020,"{""type"":""MultiPoint"",""coordinates"":[]}"
1_1_1_2_00000000000000000012,Sivaganga,22.253385217669067,2020,"{""type"":""MultiPoint"",""coordinates"":[]}"
1_1_1_2_00000000000000000013,Theni,18.14145623258543,2020,"{""type"":""MultiPoint"",""coordinates"":[]}"
1_1_1_2_00000000000000000015,Thiruvarur,22.969251901092672,2020,"{""type"":""MultiPoint"",""coordinates"":[]}"
1_1_1_2_00000000000000000016,Tiruchirappalli,21.55990204144151,2020,"{""type"":""MultiPoint"",""coordinates"":[]}"
1_1_1_2_00000000000000000017,Tirunelveli,21.61360325887876,2020,"{""type"":""MultiPoint"",""coordinates"":[]}"
1_1_1_2_00000000000000000018,Tiruppur,20.465299775659247,2020,"{""type"":""MultiPoint"",""coordinates"":[]}"
1_1_1_2_0000000000000000001a,Thiruvallur,21.43413294732856,2020,"{""type"":""MultiPoint"",""coordinates"":[]}"
1_1_1_2_0000000000000000001b,Tiruvannamalai,20.172176667151028,2020,"{""type"":""MultiPoint"",""coordinates"":[]}"
1_1_1_2_0000000000000000001d,Vellore,19.213299001902314,2020,"{""type"":""MultiPoint"",""coordinates"":[]}"
1_1_1_2_0000000000000000001f,Virudhunagar,21.532858256502614,2020,"{""type"":""MultiPoint"",""coordinates"":[]}"
1_1_1_2_00000000000000000020,Krishnagiri,18.127735576936676,2020,"{""type"":""MultiPoint"",""coordinates"":[]}"
1_1_1_2_00000000000000000021,Nagapattinam,24.272262180286894,2020,"{""type"":""MultiPoint"",""coordinates"":[]}"
1_1_1_2_00000000000000000024,Thanjavur,22.44575675326024,2020,"{""type"":""MultiPoint"",""coordinates"":[]}"
1_1_1_2_00000000000000000025,Pudukkottai,22.22225637164403,2020,"{""type"":""MultiPoint"",""coordinates"":[]}"
1_1_1_2_00000000000000000001,Chengalpattu,22.71285262083093,2020,"{""type"":""MultiPoint"",""coordinates"":[]}"
1_1_1_2_00000000000000000010,Ranipet,20.609935511357918,2020,"{""type"":""MultiPoint"",""coordinates"":[]}"
1_1_1_2_00000000000000000014,Tenkasi,20.419078553677036,2020,"{""type"":""MultiPoint"",""coordinates"":[]}"
1_1_1_2_00000000000000000022,Mayiladuthurai,23.486289961492275,2020,"{""type"":""MultiPoint"",""coordinates"":[]}"
1_1_1_2_0000000000000000001c,Tuticorin,22.922100160866943,2020,"{""type"":""MultiPoint"",""coordinates"":[]}"
1_1_1_2_0000000000000000001e,Villupuram,21.526756198915955,2020,"{""type"":""MultiPoint"",""coordinates"":[]}"
1_1_1_2_00000000000000000023,Kanchipuram,21.539185103031052,2020,"{""type"":""MultiPoint"",""coordinates"":[]}"
1_1_1_2_00000000000000000008,Kallakurichi,20.515110497946132,2020,"{""type"":""MultiPoint"",""coordinates"":[]}"
1_1_1_2_00000000000000000019,Tirupathur,18.616655062367204,2020,"{""type"":""MultiPoint"",""coordinates"":[]}"
1_1_2_00000000000000000000,Ariyalur,21.827796910040735,2021,"{""type"":""MultiPoint"",""coordinates"":[]}"
1_1_2_00000000000000000002,Chennai,22.64182584958949,2021,"{""type"":""MultiPoint"",""coordinates"":[]}"
1_1_2_00000000000000000003,Coimbatore,18.80442857656241,2021,"{""type"":""MultiPoint"",""coordinates"":[]}"
1_1_2_00000000000000000004,Cuddalore,21.949324120637133,2021,"{""type"":""MultiPoint"",""coordinates"":[]}"
1_1_2_00000000000000000005,Dharmapuri,19.22050362056008,2021,"{""type"":""MultiPoint"",""coordinates"":[]}"
1_1_2_00000000000000000006,Dindigul,19.110091748319466,2021,"{""type"":""MultiPoint"",""coordinates"":[]}"
1_1_2_00000000000000000007,Erode,19.189147714768175,2021,"{""type"":""MultiPoint"",""coordinates"":[]}"
1_1_2_00000000000000000009,Kanniyakumari,21.399835568017522,2021,"{""type"":""MultiPoint"",""coordinates"":[]}"
1_1_2_0000000000000000000a,Karur,21.196555851049258,2021,"{""type"":""MultiPoint"",""coordinates"":[]}"
1_1_2_0000000000000000000b,Madurai,20.0849939203345,2021,"{""type"":""MultiPoint"",""coordinates"":[]}"
1_1_2_0000000000000000000c,The Nilgiris,14.447731276785698,2021,"{""type"":""MultiPoint"",""coordinates"":[]}"
1_1_2_0000000000000000000d,Namakkal,20.4760584096836,2021,"{""type"":""MultiPoint"",""coordinates"":[]}"
1_1_2_0000000000000000000e,Perambalur,20.959837738136763,2021,"{""type"":""MultiPoint"",""coordinates"":[]}"
1_1_2_0000000000000000000f,Ramanathapuram,22.781757769195355,2021,"{""type"":""MultiPoint"",""coordinates"":[]}"
1_1_2_00000000000000000011,Salem,19.81749836230636,2021,"{""type"":""MultiPoint"",""coordinates"":[]}"
1_1_2_00000000000000000012,Sivaganga,21.721699045953525,2021,"{""type"":""MultiPoint"",""coordinates"":[]}"
1_1_2_00000000000000000013,Theni,17.12655733189614,2021,"{""type"":""MultiPoint"",""coordinates"":[]}"
1_1_2_00000000000000000015,Thiruvarur,22.64515724268663,2021,"{""type"":""MultiPoint"",""coordinates"":[]}"
1_1_2_00000000000000000016,Tiruchirappalli,21.202848622431553,2021,"{""type"":""MultiPoint"",""coordinates"":[]}"
1_1_2_00000000000000000017,Tirunelveli,20.810745223398776,2021,"{""type"":""MultiPoint"",""coordinates"":[]}"
1_1_2_00000000000000000018,Tiruppur,19.775535429787684,2021,"{""type"":""MultiPoint"",""coordinates"":[]}"
1_1_2_0000000000000000001a,Thiruvallur,21.654329331538552,2021,"{""type"":""MultiPoint"",""coordinates"":[]}"
1_1_2_0000000000000000001b,Tiruvannamalai,20.399860190622093,2021,"{""type"":""MultiPoint"",""coordinates"":[]}"
1_1_2_0000000000000000001d,Vellore,19.219471520045683,2021,"{""type"":""MultiPoint"",""coordinates"":[]}"
1_1_2_0000000000000000001f,Virudhunagar,20.62203112748623,2021,"{""type"":""MultiPoint"",""coordinates"":[]}"
1_1_2_00000000000000000020,Krishnagiri,17.992654131072133,2021,"{""type"":""MultiPoint"",""coordinates"":[]}"
1_1_2_00000000000000000021,Nagapattinam,24.10981489928455,2021,"{""type"":""MultiPoint"",""coordinates"":[]}"
1_1_2_00000000000000000024,Thanjavur,22.110070334059355,2021,"{""type"":""MultiPoint"",""coordinates"":[]}"
1_1_2_00000000000000000025,Pudukkottai,21.8435805882887,2021,"{""type"":""MultiPoint"",""coordinates"":[]}"
1_1_2_00000000000000000001,Chengalpattu,22.670265769364327,2021,"{""type"":""MultiPoint"",""coordinates"":[]}"
1_1_2_00000000000000000010,Ranipet,20.837784398025835,2021,"{""type"":""MultiPoint"",""coordinates"":[]}"
1_1_2_00000000000000000014,Tenkasi,19.753778475528186,2021,"{""type"":""MultiPoint"",""coordinates"":[]}"
1_1_2_00000000000000000022,Mayiladuthurai,23.212816902003063,2021,"{""type"":""MultiPoint"",""coordinates"":[]}"
1_1_2_0000000000000000001c,Tuticorin,22.128789950317337,2021,"{""type"":""MultiPoint"",""coordinates"":[]}"
1_1_2_0000000000000000001e,Villupuram,21.7817414900446,2021,"{""type"":""MultiPoint"",""coordinates"":[]}"
1_1_2_00000000000000000023,Kanchipuram,21.752145877315105,2021,"{""type"":""MultiPoint"",""coordinates"":[]}"
1_1_2_00000000000000000008,Kallakurichi,20.656055877448093,2021,"{""type"":""MultiPoint"",""coordinates"":[]}"
1_1_2_00000000000000000019,Tirupathur,18.74152986670276,2021,"{""type"":""MultiPoint"",""coordinates"":[]}"
1_2_00000000000000000000,Ariyalur,21.53771577274219,2022,"{""type"":""MultiPoint"",""coordinates"":[]}"
1_2_00000000000000000002,Chennai,22.345952069577113,2022,"{""type"":""MultiPoint"",""coordinates"":[]}"
1_2_00000000000000000003,Coimbatore,18.874913224171888,2022,"{""type"":""MultiPoint"",""coordinates"":[]}"
1_2_00000000000000000004,Cuddalore,21.587814609294448,2022,"{""type"":""MultiPoint"",""coordinates"":[]}"
1_2_00000000000000000005,Dharmapuri,18.660232215852897,2022,"{""type"":""MultiPoint"",""coordinates"":[]}"
1_2_00000000000000000006,Dindigul,19.319771560545135,2022,"{""type"":""MultiPoint"",""coordinates"":[]}"
1_2_00000000000000000007,Erode,18.9562425075126,2022,"{""type"":""MultiPoint"",""coordinates"":[]}"
1_2_00000000000000000009,Kanniyakumari,21.86085247921587,2022,"{""type"":""MultiPoint"",""coordinates"":[]}"
1_2_0000000000000000000a,Karur,21.44587630237115,2022,"{""type"":""MultiPoint"",""coordinates"":[]}"
1_2_0000000000000000000b,Madurai,20.404223604614057,2022,"{""type"":""MultiPoint"",""coordinates"":[]}"
1_2_0000000000000000000c,The Nilgiris,14.223978691363461,2022,"{""type"":""MultiPoint"",""coordinates"":[]}"
1_2_0000000000000000000d,Namakkal,20.365366498429367,2022,"{""type"":""MultiPoint"",""coordinates"":[]}"
1_2_0000000000000000000e,Perambalur,20.76629828839448,2022,"{""type"":""MultiPoint"",""coordinates"":[]}"
1_2_0000000000000000000f,Ramanathapuram,22.815677051601178,2022,"{""type"":""MultiPoint"",""coordinates"":[]}"
1_2_00000000000000000011,Salem,19.346693676636797,2022,"{""type"":""MultiPoint"",""coordinates"":[]}"
1_2_00000000000000000012,Sivaganga,21.877823721704953,2022,"{""type"":""MultiPoint"",""coordinates"":[]}"
1_2_00000000000000000013,Theni,17.652116240208063,2022,"{""type"":""MultiPoint"",""coordinates"":[]}"
1_2_00000000000000000015,Thiruvarur,22.454637561124283,2022,"{""type"":""MultiPoint"",""coordinates"":[]}"
1_2_00000000000000000016,Tiruchirappalli,21.232984810187975,2022,"{""type"":""MultiPoint"",""coordinates"":[]}"
1_2_00000000000000000017,Tirunelveli,21.305138873711744,2022,"{""type"":""MultiPoint"",""coordinates"":[]}"
1_2_00000000000000000018,Tiruppur,20.027555068582245,2022,"{""type"":""MultiPoint"",""coordinates"":[]}"
1_2_0000000000000000001a,Thiruvallur,21.135515417897988,2022,"{""type"":""MultiPoint"",""coordinates"":[]}"
1_2_0000000000000000001b,Tiruvannamalai,19.909321609873913,2022,"{""type"":""MultiPoint"",""coordinates"":[]}"
1_2_0000000000000000001d,Vellore,18.815988587547313,2022,"{""type"":""MultiPoint"",""coordinates"":[]}"
1_2_0000000000000000001f,Virudhunagar,21.183642811765136,2022,"{""type"":""MultiPoint"",""coordinates"":[]}"
1_2_00000000000000000020,Krishnagiri,17.423187506399636,2022,"{""type"":""MultiPoint"",""coordinates"":[]}"
1_2_00000000000000000021,Nagapattinam,23.67116968352018,2022,"{""type"":""MultiPoint"",""coordinates"":[]}"
1_2_00000000000000000024,Thanjavur,22.005291224548483,2022,"{""type"":""MultiPoint"",""coordinates"":[]}"
1_2_00000000000000000025,Pudukkottai,21.893872641714196,2022,"{""type"":""MultiPoint"",""coordinates"":[]}"
1_2_00000000000000000001,Chengalpattu,22.408880568491476,2022,"{""type"":""MultiPoint"",""coordinates"":[]}"
1_2_00000000000000000010,Ranipet,20.356078233752207,2022,"{""type"":""MultiPoint"",""coordinates"":[]}"
1_2_00000000000000000014,Tenkasi,20.2662740788819,2022,"{""type"":""MultiPoint"",""coordinates"":[]}"
1_2_00000000000000000022,Mayiladuthurai,22.805938929803155,2022,"{""type"":""MultiPoint"",""coordinates"":[]}"
1_2_0000000000000000001c,Tuticorin,22.578063139024678,2022,"{""type"":""MultiPoint"",""coordinates"":[]}"
1_2_0000000000000000001e,Villupuram,21.29720593100627,2022,"{""type"":""MultiPoint"",""coordinates"":[]}"
1_2_00000000000000000023,Kanchipuram,21.32393219470265,2022,"{""type"":""MultiPoint"",""coordinates"":[]}"
1_2_00000000000000000008,Kallakurichi,20.2202684805214,2022,"{""type"":""MultiPoint"",""coordinates"":[]}"
1_2_00000000000000000019,Tirupathur,18.223575177337462,2022,"{""type"":""MultiPoint"",""coordinates"":[]}"
2_00000000000000000000,Ariyalur,21.733214596343256,2023,"{""type"":""MultiPoint"",""coordinates"":[]}"
2_00000000000000000002,Chennai,22.517756312970146,2023,"{""type"":""MultiPoint"",""coordinates"":[]}"
2_00000000000000000003,Coimbatore,19.266562358367096,2023,"{""type"":""MultiPoint"",""coordinates"":[]}"
2_00000000000000000004,Cuddalore,21.755802755524023,2023,"{""type"":""MultiPoint"",""coordinates"":[]}"
2_00000000000000000005,Dharmapuri,19.20409270827452,2023,"{""type"":""MultiPoint"",""coordinates"":[]}"
2_00000000000000000006,Dindigul,19.622702327634453,2023,"{""type"":""MultiPoint"",""coordinates"":[]}"
2_00000000000000000007,Erode,19.442181531584094,2023,"{""type"":""MultiPoint"",""coordinates"":[]}"
2_00000000000000000009,Kanniyakumari,22.00736614399821,2023,"{""type"":""MultiPoint"",""coordinates"":[]}"
2_0000000000000000000a,Karur,21.65118374057115,2023,"{""type"":""MultiPoint"",""coordinates"":[]}"
2_0000000000000000000b,Madurai,20.954378010646078,2023,"{""type"":""MultiPoint"",""coordinates"":[]}"
2_0000000000000000000c,The Nilgiris,14.386484315813833,2023,"{""type"":""MultiPoint"",""coordinates"":[]}"
2_0000000000000000000d,Namakkal,20.482839011968327,2023,"{""type"":""MultiPoint"",""coordinates"":[]}"
2_0000000000000000000e,Perambalur,21.05113393806403,2023,"{""type"":""MultiPoint"",""coordinates"":[]}"
2_0000000000000000000f,Ramanathapuram,23.389070195321903,2023,"{""type"":""MultiPoint"",""coordinates"":[]}"
2_00000000000000000011,Salem,19.766945353048733,2023,"{""type"":""MultiPoint"",""coordinates"":[]}"
2_00000000000000000012,Sivaganga,22.331965224898912,2023,"{""type"":""MultiPoint"",""coordinates"":[]}"
2_00000000000000000013,Theni,17.80896238239804,2023,"{""type"":""MultiPoint"",""coordinates"":[]}"
2_00000000000000000015,Thiruvarur,22.592043937763446,2023,"{""type"":""MultiPoint"",""coordinates"":[]}"
2_00000000000000000016,Tiruchirappalli,21.476673541736545,2023,"{""type"":""MultiPoint"",""coordinates"":[]}"
2_00000000000000000017,Tirunelveli,21.58636851135417,2023,"{""type"":""MultiPoint"",""coordinates"":[]}"
2_00000000000000000018,Tiruppur,20.367252063666925,2023,"{""type"":""MultiPoint"",""coordinates"":[]}"
2_0000000000000000001a,Thiruvallur,21.561801515923346,2023,"{""type"":""MultiPoint"",""coordinates"":[]}"
2_0000000000000000001b,Tiruvannamalai,20.2974685247566,2023,"{""type"":""MultiPoint"",""coordinates"":[]}"
2_0000000000000000001d,Vellore,19.191974447482814,2023,"{""type"":""MultiPoint"",""coordinates"":[]}"
2_0000000000000000001f,Virudhunagar,21.651702482874335,2023,"{""type"":""MultiPoint"",""coordinates"":[]}"
2_00000000000000000020,Krishnagiri,17.63063087735974,2023,"{""type"":""MultiPoint"",""coordinates"":[]}"
2_00000000000000000021,Nagapattinam,24.163756616336038,2023,"{""type"":""MultiPoint"",""coordinates"":[]}"
2_00000000000000000024,Thanjavur,22.18999875315114,2023,"{""type"":""MultiPoint"",""coordinates"":[]}"
2_00000000000000000025,Pudukkottai,22.106389219842526,2023,"{""type"":""MultiPoint"",""coordinates"":[]}"
2_00000000000000000001,Chengalpattu,22.48562197244554,2023,"{""type"":""MultiPoint"",""coordinates"":[]}"
2_00000000000000000010,Ranipet,20.754241770769227,2023,"{""type"":""MultiPoint"",""coordinates"":[]}"
2_00000000000000000014,Tenkasi,20.586889878402648,2023,"{""type"":""MultiPoint"",""coordinates"":[]}"
2_00000000000000000022,Mayiladuthurai,23.088262331960774,2023,"{""type"":""MultiPoint"",""coordinates"":[]}"
2_0000000000000000001c,Tuticorin,23.044169720208764,2023,"{""type"":""MultiPoint"",""coordinates"":[]}"
2_0000000000000000001e,Villupuram,21.48402326855358,2023,"{""type"":""MultiPoint"",""coordinates"":[]}"
2_00000000000000000023,Kanchipuram,21.56231791224169,2023,"{""type"":""MultiPoint"",""coordinates"":[]}"
2_00000000000000000008,Kallakurichi,20.685798985194946,2023,"{""type"":""MultiPoint"",""coordinates"":[]}"
2_00000000000000000019,Tirupathur,18.516851592801988,2023,"{""type"":""MultiPoint"",""coordinates"":[]}"
