system:index,District,Rainfall_mm,Year,.geo
1_1_1_1_1_1_1_1_2_00000000000000000000,Ariyalur,1547.3745097290357,2015,"{""type"":""MultiPoint"",""coordinates"":[]}"
1_1_1_1_1_1_1_1_2_00000000000000000002,Chennai,2125.005010170151,2015,"{""type"":""MultiPoint"",""coordinates"":[]}"
1_1_1_1_1_1_1_1_2_00000000000000000003,Coimbatore,1144.5837559585698,2015,"{""type"":""MultiPoint"",""coordinates"":[]}"
1_1_1_1_1_1_1_1_2_00000000000000000004,Cuddalore,1639.919645687147,2015,"{""type"":""MultiPoint"",""coordinates"":[]}"
1_1_1_1_1_1_1_1_2_00000000000000000005,Dharmapuri,1216.8256679212814,2015,"{""type"":""MultiPoint"",""coordinates"":[]}"
1_1_1_1_1_1_1_1_2_00000000000000000006,Dindigul,1481.6172880265476,2015,"{""type"":""MultiPoint"",""coordinates"":[]}"
1_1_1_1_1_1_1_1_2_00000000000000000007,Erode,1125.2926731603945,2015,"{""type"":""MultiPoint"",""coordinates"":[]}"
1_1_1_1_1_1_1_1_2_00000000000000000009,Kanniyakumari,1877.5442709928418,2015,"{""type"":""MultiPoint"",""coordinates"":[]}"
1_1_1_1_1_1_1_1_2_0000000000000000000a,Karur,1150.1297361716236,2015,"{""type"":""MultiPoint"",""coordinates"":[]}"
1_1_1_1_1_1_1_1_2_0000000000000000000b,Madurai,1436.7576821440462,2015,"{""type"":""MultiPoint"",""coordinates"":[]}"
1_1_1_1_1_1_1_1_2_0000000000000000000c,The Nilgiris,1488.2857005068531,2015,"{""type"":""MultiPoint"",""coordinates"":[]}"
1_1_1_1_1_1_1_1_2_0000000000000000000d,Namakkal,1245.5555313785906,2015,"{""type"":""MultiPoint"",""coordinates"":[]}"
1_1_1_1_1_1_1_1_2_0000000000000000000e,Perambalur,1370.916820481897,2015,"{""type"":""MultiPoint"",""coordinates"":[]}"
1_1_1_1_1_1_1_1_2_0000000000000000000f,Ramanathapuram,1115.6105205968408,2015,"{""type"":""MultiPoint"",""coordinates"":[]}"
1_1_1_1_1_1_1_1_2_00000000000000000011,Salem,1316.7290724774946,2015,"{""type"":""MultiPoint"",""coordinates"":[]}"
1_1_1_1_1_1_1_1_2_00000000000000000012,Sivaganga,1368.5583571640395,2015,"{""type"":""MultiPoint"",""coordinates"":[]}"
1_1_1_1_1_1_1_1_2_00000000000000000013,Theni,1782.7086699780707,2015,"{""type"":""MultiPoint"",""coordinates"":[]}"
1_1_1_1_1_1_1_1_2_00000000000000000015,Thiruvarur,1782.6585127798455,2015,"{""type"":""MultiPoint"",""coordinates"":[]}"
1_1_1_1_1_1_1_1_2_00000000000000000016,Tiruchirappalli,1376.668337259744,2015,"{""type"":""MultiPoint"",""coordinates"":[]}"
1_1_1_1_1_1_1_1_2_00000000000000000017,Tirunelveli,1570.005127714308,2015,"{""type"":""MultiPoint"",""coordinates"":[]}"
1_1_1_1_1_1_1_1_2_00000000000000000018,Tiruppur,1017.8472725738656,2015,"{""type"":""MultiPoint"",""coordinates"":[]}"
1_1_1_1_1_1_1_1_2_0000000000000000001a,Thiruvallur,1605.135582791194,2015,"{""type"":""MultiPoint"",""coordinates"":[]}"
1_1_1_1_1_1_1_1_2_0000000000000000001b,Tiruvannamalai,1479.1263718447285,2015,"{""type"":""MultiPoint"",""coordinates"":[]}"
1_1_1_1_1_1_1_1_2_0000000000000000001d,Vellore,1259.8347488739355,2015,"{""type"":""MultiPoint"",""coordinates"":[]}"
1_1_1_1_1_1_1_1_2_0000000000000000001f,Virudhunagar,1294.3677388304714,2015,"{""type"":""MultiPoint"",""coordinates"":[]}"
1_1_1_1_1_1_1_1_2_00000000000000000020,Krishnagiri,1136.496204879393,2015,"{""type"":""MultiPoint"",""coordinates"":[]}"
1_1_1_1_1_1_1_1_2_00000000000000000021,Nagapattinam,1845.3579834040977,2015,"{""type"":""MultiPoint"",""coordinates"":[]}"
1_1_1_1_1_1_1_1_2_00000000000000000024,Thanjavur,1568.0098499831133,2015,"{""type"":""MultiPoint"",""coordinates"":[]}"
1_1_1_1_1_1_1_1_2_00000000000000000025,Pudukkottai,1520.1501236237903,2015,"{""type"":""MultiPoint"",""coordinates"":[]}"
1_1_1_1_1_1_1_1_2_00000000000000000001,Chengalpattu,1720.0640610741448,2015,"{""type"":""MultiPoint"",""coordinates"":[]}"
1_1_1_1_1_1_1_1_2_00000000000000000010,Ranipet,1311.5536776682163,2015,"{""type"":""MultiPoint"",""coordinates"":[]}"
1_1_1_1_1_1_1_1_2_00000000000000000014,Tenkasi,1707.1588183745027,2015,"{""type"":""MultiPoint"",""coordinates"":[]}"
1_1_1_1_1_1_1_1_2_00000000000000000022,Mayiladuthurai,1791.5943678852686,2015,"{""type"":""MultiPoint"",""coordinates"":[]}"
1_1_1_1_1_1_1_1_2_0000000000000000001c,Tuticorin,1104.1284330562353,2015,"{""type"":""MultiPoint"",""coordinates"":[]}"
1_1_1_1_1_1_1_1_2_0000000000000000001e,Villupuram,1662.3004982725472,2015,"{""type"":""MultiPoint"",""coordinates"":[]}"
1_1_1_1_1_1_1_1_2_00000000000000000023,Kanchipuram,1672.46204823585,2015,"{""type"":""MultiPoint"",""coordinates"":[]}"
1_1_1_1_1_1_1_1_2_00000000000000000008,Kallakurichi,1466.1058723579183,2015,"{""type"":""MultiPoint"",""coordinates"":[]}"
1_1_1_1_1_1_1_1_2_00000000000000000019,Tirupathur,1271.6858299117432,2015,"{""type"":""MultiPoint"",""coordinates"":[]}"
1_1_1_1_1_1_1_2_00000000000000000000,Ariyalur,891.9788517520893,2016,"{""type"":""MultiPoint"",""coordinates"":[]}"
1_1_1_1_1_1_1_2_00000000000000000002,Chennai,869.6423359427602,2016,"{""type"":""MultiPoint"",""coordinates"":[]}"
1_1_1_1_1_1_1_2_00000000000000000003,Coimbatore,644.697571268945,2016,"{""type"":""MultiPoint"",""coordinates"":[]}"
1_1_1_1_1_1_1_2_00000000000000000004,Cuddalore,844.1315822141686,2016,"{""type"":""MultiPoint"",""coordinates"":[]}"
1_1_1_1_1_1_1_2_00000000000000000005,Dharmapuri,805.3791539415403,2016,"{""type"":""MultiPoint"",""coordinates"":[]}"
1_1_1_1_1_1_1_2_00000000000000000006,Dindigul,764.3398874105484,2016,"{""type"":""MultiPoint"",""coordinates"":[]}"
1_1_1_1_1_1_1_2_00000000000000000007,Erode,550.1123552168787,2016,"{""type"":""MultiPoint"",""coordinates"":[]}"
1_1_1_1_1_1_1_2_00000000000000000009,Kanniyakumari,943.3323846259887,2016,"{""type"":""MultiPoint"",""coordinates"":[]}"
1_1_1_1_1_1_1_2_0000000000000000000a,Karur,549.3471757539727,2016,"{""type"":""MultiPoint"",""coordinates"":[]}"
1_1_1_1_1_1_1_2_0000000000000000000b,Madurai,779.1607175516651,2016,"{""type"":""MultiPoint"",""coordinates"":[]}"
1_1_1_1_1_1_1_2_0000000000000000000c,The Nilgiris,965.1920159417399,2016,"{""type"":""MultiPoint"",""coordinates"":[]}"
1_1_1_1_1_1_1_2_0000000000000000000d,Namakkal,668.3559154164712,2016,"{""type"":""MultiPoint"",""coordinates"":[]}"
1_1_1_1_1_1_1_2_0000000000000000000e,Perambalur,799.9712888938391,2016,"{""type"":""MultiPoint"",""coordinates"":[]}"
1_1_1_1_1_1_1_2_0000000000000000000f,Ramanathapuram,458.9151660505537,2016,"{""type"":""MultiPoint"",""coordinates"":[]}"
1_1_1_1_1_1_1_2_00000000000000000011,Salem,822.6835565185597,2016,"{""type"":""MultiPoint"",""coordinates"":[]}"
1_1_1_1_1_1_1_2_00000000000000000012,Sivaganga,731.4059411991062,2016,"{""type"":""MultiPoint"",""coordinates"":[]}"
1_1_1_1_1_1_1_2_00000000000000000013,Theni,1007.6197653919402,2016,"{""type"":""MultiPoint"",""coordinates"":[]}"
1_1_1_1_1_1_1_2_00000000000000000015,Thiruvarur,878.5613953948362,2016,"{""type"":""MultiPoint"",""coordinates"":[]}"
1_1_1_1_1_1_1_2_00000000000000000016,Tiruchirappalli,743.3491831511806,2016,"{""type"":""MultiPoint"",""coordinates"":[]}"
1_1_1_1_1_1_1_2_00000000000000000017,Tirunelveli,766.132354324269,2016,"{""type"":""MultiPoint"",""coordinates"":[]}"
1_1_1_1_1_1_1_2_00000000000000000018,Tiruppur,476.67052022017697,2016,"{""type"":""MultiPoint"",""coordinates"":[]}"
1_1_1_1_1_1_1_2_0000000000000000001a,Thiruvallur,715.8340607301948,2016,"{""type"":""MultiPoint"",""coordinates"":[]}"
1_1_1_1_1_1_1_2_0000000000000000001b,Tiruvannamalai,899.7633923835172,2016,"{""type"":""MultiPoint"",""coordinates"":[]}"
1_1_1_1_1_1_1_2_0000000000000000001d,Vellore,830.1816154690363,2016,"{""type"":""MultiPoint"",""coordinates"":[]}"
1_1_1_1_1_1_1_2_0000000000000000001f,Virudhunagar,662.7735052140662,2016,"{""type"":""MultiPoint"",""coordinates"":[]}"
1_1_1_1_1_1_1_2_00000000000000000020,Krishnagiri,734.0238381213575,2016,"{""type"":""MultiPoint"",""coordinates"":[]}"
1_1_1_1_1_1_1_2_00000000000000000021,Nagapattinam,851.0055308844012,2016,"{""type"":""MultiPoint"",""coordinates"":[]}"
1_1_1_1_1_1_1_2_00000000000000000024,Thanjavur,846.5633452611526,2016,"{""type"":""MultiPoint"",""coordinates"":[]}"
1_1_1_1_1_1_1_2_00000000000000000025,Pudukkottai,809.5926087039936,2016,"{""type"":""MultiPoint"",""coordinates"":[]}"
1_1_1_1_1_1_1_2_00000000000000000001,Chengalpattu,725.8760961638787,2016,"{""type"":""MultiPoint"",""coordinates"":[]}"
1_1_1_1_1_1_1_2_00000000000000000010,Ranipet,704.4807359139214,2016,"{""type"":""MultiPoint"",""coordinates"":[]}"
1_1_1_1_1_1_1_2_00000000000000000014,Tenkasi,936.7206306329571,2016,"{""type"":""MultiPoint"",""coordinates"":[]}"
1_1_1_1_1_1_1_2_00000000000000000022,Mayiladuthurai,846.7964950894844,2016,"{""type"":""MultiPoint"",""coordinates"":[]}"
1_1_1_1_1_1_1_2_0000000000000000001c,Tuticorin,488.78646800148147,2016,"{""type"":""MultiPoint"",""coordinates"":[]}"
1_1_1_1_1_1_1_2_0000000000000000001e,Villupuram,841.707007230805,2016,"{""type"":""MultiPoint"",""coordinates"":[]}"
1_1_1_1_1_1_1_2_00000000000000000023,Kanchipuram,769.5140803264202,2016,"{""type"":""MultiPoint"",""coordinates"":[]}"
1_1_1_1_1_1_1_2_00000000000000000008,Kallakurichi,864.6251771898618,2016,"{""type"":""MultiPoint"",""coordinates"":[]}"
1_1_1_1_1_1_1_2_00000000000000000019,Tirupathur,884.3519891287766,2016,"{""type"":""MultiPoint"",""coordinates"":[]}"
1_1_1_1_1_1_2_00000000000000000000,Ariyalur,1265.4450575452101,2017,"{""type"":""MultiPoint"",""coordinates"":[]}"
1_1_1_1_1_1_2_00000000000000000002,Chennai,1630.6155165759337,2017,"{""type"":""MultiPoint"",""coordinates"":[]}"
1_1_1_1_1_1_2_00000000000000000003,Coimbatore,1058.3744720342022,2017,"{""type"":""MultiPoint"",""coordinates"":[]}"
1_1_1_1_1_1_2_00000000000000000004,Cuddalore,1397.3865576789626,2017,"{""type"":""MultiPoint"",""coordinates"":[]}"
1_1_1_1_1_1_2_00000000000000000005,Dharmapuri,1342.17198799093,2017,"{""type"":""MultiPoint"",""coordinates"":[]}"
1_1_1_1_1_1_2_00000000000000000006,Dindigul,1286.3867186277505,2017,"{""type"":""MultiPoint"",""coordinates"":[]}"
1_1_1_1_1_1_2_00000000000000000007,Erode,1021.3919853328727,2017,"{""type"":""MultiPoint"",""coordinates"":[]}"
1_1_1_1_1_1_2_00000000000000000009,Kanniyakumari,1349.8807246318156,2017,"{""type"":""MultiPoint"",""coordinates"":[]}"
1_1_1_1_1_1_2_0000000000000000000a,Karur,843.5458428199717,2017,"{""type"":""MultiPoint"",""coordinates"":[]}"
1_1_1_1_1_1_2_0000000000000000000b,Madurai,1264.239999457912,2017,"{""type"":""MultiPoint"",""coordinates"":[]}"
1_1_1_1_1_1_2_0000000000000000000c,The Nilgiris,1457.616990138571,2017,"{""type"":""MultiPoint"",""coordinates"":[]}"
1_1_1_1_1_1_2_0000000000000000000d,Namakkal,1046.6917024314157,2017,"{""type"":""MultiPoint"",""coordinates"":[]}"
1_1_1_1_1_1_2_0000000000000000000e,Perambalur,1188.99881994635,2017,"{""type"":""MultiPoint"",""coordinates"":[]}"
1_1_1_1_1_1_2_0000000000000000000f,Ramanathapuram,607.4511905075373,2017,"{""type"":""MultiPoint"",""coordinates"":[]}"
1_1_1_1_1_1_2_00000000000000000011,Salem,1291.1384210448812,2017,"{""type"":""MultiPoint"",""coordinates"":[]}"
1_1_1_1_1_1_2_00000000000000000012,Sivaganga,957.3501927378475,2017,"{""type"":""MultiPoint"",""coordinates"":[]}"
1_1_1_1_1_1_2_00000000000000000013,Theni,1739.185960510659,2017,"{""type"":""MultiPoint"",""coordinates"":[]}"
1_1_1_1_1_1_2_00000000000000000015,Thiruvarur,1387.2971804425754,2017,"{""type"":""MultiPoint"",""coordinates"":[]}"
1_1_1_1_1_1_2_00000000000000000016,Tiruchirappalli,1053.20897514722,2017,"{""type"":""MultiPoint"",""coordinates"":[]}"
1_1_1_1_1_1_2_00000000000000000017,Tirunelveli,1204.9791062274553,2017,"{""type"":""MultiPoint"",""coordinates"":[]}"
1_1_1_1_1_1_2_00000000000000000018,Tiruppur,830.9386056427445,2017,"{""type"":""MultiPoint"",""coordinates"":[]}"
1_1_1_1_1_1_2_0000000000000000001a,Thiruvallur,1303.1933080498122,2017,"{""type"":""MultiPoint"",""coordinates"":[]}"
1_1_1_1_1_1_2_0000000000000000001b,Tiruvannamalai,1388.7238692373305,2017,"{""type"":""MultiPoint"",""coordinates"":[]}"
1_1_1_1_1_1_2_0000000000000000001d,Vellore,1285.806836635346,2017,"{""type"":""MultiPoint"",""coordinates"":[]}"
1_1_1_1_1_1_2_0000000000000000001f,Virudhunagar,1003.497139473945,2017,"{""type"":""MultiPoint"",""coordinates"":[]}"
1_1_1_1_1_1_2_00000000000000000020,Krishnagiri,1368.704913424979,2017,"{""type"":""MultiPoint"",""coordinates"":[]}"
1_1_1_1_1_1_2_00000000000000000021,Nagapattinam,1410.242472948304,2017,"{""type"":""MultiPoint"",""coordinates"":[]}"
1_1_1_1_1_1_2_00000000000000000024,Thanjavur,1232.3525576476934,2017,"{""type"":""MultiPoint"",""coordinates"":[]}"
1_1_1_1_1_1_2_00000000000000000025,Pudukkottai,1106.6570120228412,2017,"{""type"":""MultiPoint"",""coordinates"":[]}"
1_1_1_1_1_1_2_00000000000000000001,Chengalpattu,1399.2410768593406,2017,"{""type"":""MultiPoint"",""coordinates"":[]}"
1_1_1_1_1_1_2_00000000000000000010,Ranipet,1148.763670906074,2017,"{""type"":""MultiPoint"",""coordinates"":[]}"
1_1_1_1_1_1_2_00000000000000000014,Tenkasi,1495.6197123259478,2017,"{""type"":""MultiPoint"",""coordinates"":[]}"
1_1_1_1_1_1_2_00000000000000000022,Mayiladuthurai,1354.8066909485015,2017,"{""type"":""MultiPoint"",""coordinates"":[]}"
1_1_1_1_1_1_2_0000000000000000001c,Tuticorin,723.8538349842179,2017,"{""type"":""MultiPoint"",""coordinates"":[]}"
1_1_1_1_1_1_2_0000000000000000001e,Villupuram,1419.9159682375596,2017,"{""type"":""MultiPoint"",""coordinates"":[]}"
1_1_1_1_1_1_2_00000000000000000023,Kanchipuram,1345.3201777192542,2017,"{""type"":""MultiPoint"",""coordinates"":[]}"
1_1_1_1_1_1_2_00000000000000000008,Kallakurichi,1395.2276691267373,2017,"{""type"":""MultiPoint"",""coordinates"":[]}"
1_1_1_1_1_1_2_00000000000000000019,Tirupathur,1387.4036883944452,2017,"{""type"":""MultiPoint"",""coordinates"":[]}"
1_1_1_1_1_2_00000000000000000000,Ariyalur,1061.315243290255,2018,"{""type"":""MultiPoint"",""coordinates"":[]}"
1_1_1_1_1_2_00000000000000000002,Chennai,1280.431802181775,2018,"{""type"":""MultiPoint"",""coordinates"":[]}"
1_1_1_1_1_2_00000000000000000003,Coimbatore,1140.4794622557365,2018,"{""type"":""MultiPoint"",""coordinates"":[]}"
1_1_1_1_1_2_00000000000000000004,Cuddalore,1181.9912306610108,2018,"{""type"":""MultiPoint"",""coordinates"":[]}"
1_1_1_1_1_2_00000000000000000005,Dharmapuri,1114.0620002250964,2018,"{""type"":""MultiPoint"",""coordinates"":[]}"
1_1_1_1_1_2_00000000000000000006,Dindigul,1320.403686792522,2018,"{""type"":""MultiPoint"",""coordinates"":[]}"
1_1_1_1_1_2_00000000000000000007,Erode,984.5517928875242,2018,"{""type"":""MultiPoint"",""coordinates"":[]}"
1_1_1_1_1_2_00000000000000000009,Kanniyakumari,1400.2510152528973,2018,"{""type"":""MultiPoint"",""coordinates"":[]}"
1_1_1_1_1_2_0000000000000000000a,Karur,887.3689688506424,2018,"{""type"":""MultiPoint"",""coordinates"":[]}"
1_1_1_1_1_2_0000000000000000000b,Madurai,1301.52835436033,2018,"{""type"":""MultiPoint"",""coordinates"":[]}"
1_1_1_1_1_2_0000000000000000000c,The Nilgiris,1604.0632255054275,2018,"{""type"":""MultiPoint"",""coordinates"":[]}"
1_1_1_1_1_2_0000000000000000000d,Namakkal,1083.4889342395597,2018,"{""type"":""MultiPoint"",""coordinates"":[]}"
1_1_1_1_1_2_0000000000000000000e,Perambalur,1113.1389094179367,2018,"{""type"":""MultiPoint"",""coordinates"":[]}"
1_1_1_1_1_2_0000000000000000000f,Ramanathapuram,749.8740076078553,2018,"{""type"":""MultiPoint"",""coordinates"":[]}"
1_1_1_1_1_2_00000000000000000011,Salem,1228.7288689314278,2018,"{""type"":""MultiPoint"",""coordinates"":[]}"
1_1_1_1_1_2_00000000000000000012,Sivaganga,1045.4312175120024,2018,"{""type"":""MultiPoint"",""coordinates"":[]}"
1_1_1_1_1_2_00000000000000000013,Theni,1806.0649021746206,2018,"{""type"":""MultiPoint"",""coordinates"":[]}"
1_1_1_1_1_2_00000000000000000015,Thiruvarur,1260.348854694291,2018,"{""type"":""MultiPoint"",""coordinates"":[]}"
1_1_1_1_1_2_00000000000000000016,Tiruchirappalli,1069.5098147394608,2018,"{""type"":""MultiPoint"",""coordinates"":[]}"
1_1_1_1_1_2_00000000000000000017,Tirunelveli,1228.7290719620391,2018,"{""type"":""MultiPoint"",""coordinates"":[]}"
1_1_1_1_1_2_00000000000000000018,Tiruppur,853.7552618511894,2018,"{""type"":""MultiPoint"",""coordinates"":[]}"
1_1_1_1_1_2_0000000000000000001a,Thiruvallur,972.5061239407303,2018,"{""type"":""MultiPoint"",""coordinates"":[]}"
1_1_1_1_1_2_0000000000000000001b,Tiruvannamalai,1106.2391530452066,2018,"{""type"":""MultiPoint"",""coordinates"":[]}"
1_1_1_1_1_2_0000000000000000001d,Vellore,983.1847437213048,2018,"{""type"":""MultiPoint"",""coordinates"":[]}"
1_1_1_1_1_2_0000000000000000001f,Virudhunagar,1078.728794589651,2018,"{""type"":""MultiPoint"",""coordinates"":[]}"
1_1_1_1_1_2_00000000000000000020,Krishnagiri,1028.5967533767375,2018,"{""type"":""MultiPoint"",""coordinates"":[]}"
1_1_1_1_1_2_00000000000000000021,Nagapattinam,1303.0965195864233,2018,"{""type"":""MultiPoint"",""coordinates"":[]}"
1_1_1_1_1_2_00000000000000000024,Thanjavur,1116.4111142671368,2018,"{""type"":""MultiPoint"",""coordinates"":[]}"
1_1_1_1_1_2_00000000000000000025,Pudukkottai,1129.6970620702534,2018,"{""type"":""MultiPoint"",""coordinates"":[]}"
1_1_1_1_1_2_00000000000000000001,Chengalpattu,1072.1846198131325,2018,"{""type"":""MultiPoint"",""coordinates"":[]}"
1_1_1_1_1_2_00000000000000000010,Ranipet,932.1518666469921,2018,"{""type"":""MultiPoint"",""coordinates"":[]}"
1_1_1_1_1_2_00000000000000000014,Tenkasi,1607.6577544498664,2018,"{""type"":""MultiPoint"",""coordinates"":[]}"
1_1_1_1_1_2_00000000000000000022,Mayiladuthurai,1212.038859722709,2018,"{""type"":""MultiPoint"",""coordinates"":[]}"
1_1_1_1_1_2_0000000000000000001c,Tuticorin,787.8225462867655,2018,"{""type"":""MultiPoint"",""coordinates"":[]}"
1_1_1_1_1_2_0000000000000000001e,Villupuram,1108.1052255435075,2018,"{""type"":""MultiPoint"",""coordinates"":[]}"
1_1_1_1_1_2_00000000000000000023,Kanchipuram,1064.2444342229119,2018,"{""type"":""MultiPoint"",""coordinates"":[]}"
1_1_1_1_1_2_00000000000000000008,Kallakurichi,1176.4130257200447,2018,"{""type"":""MultiPoint"",""coordinates"":[]}"
1_1_1_1_1_2_00000000000000000019,Tirupathur,1072.3371498766887,2018,"{""type"":""MultiPoint"",""coordinates"":[]}"
1_1_1_1_2_00000000000000000000,Ariyalur,1201.3909948361327,2019,"{""type"":""MultiPoint"",""coordinates"":[]}"
1_1_1_1_2_00000000000000000002,Chennai,1209.4150113080223,2019,"{""type"":""MultiPoint"",""coordinates"":[]}"
1_1_1_1_2_00000000000000000003,Coimbatore,1059.5420706888613,2019,"{""type"":""MultiPoint"",""coordinates"":[]}"
1_1_1_1_2_00000000000000000004,Cuddalore,1225.1900464494079,2019,"{""type"":""MultiPoint"",""coordinates"":[]}"
1_1_1_1_2_00000000000000000005,Dharmapuri,1131.7406252912851,2019,"{""type"":""MultiPoint"",""coordinates"":[]}"
1_1_1_1_2_00000000000000000006,Dindigul,1352.9570740330093,2019,"{""type"":""MultiPoint"",""coordinates"":[]}"
1_1_1_1_2_00000000000000000007,Erode,993.250608706903,2019,"{""type"":""MultiPoint"",""coordinates"":[]}"
1_1_1_1_2_00000000000000000009,Kanniyakumari,1716.8886988546772,2019,"{""type"":""MultiPoint"",""coordinates"":[]}"
1_1_1_1_2_0000000000000000000a,Karur,896.626553967119,2019,"{""type"":""MultiPoint"",""coordinates"":[]}"
1_1_1_1_2_0000000000000000000b,Madurai,1351.3233575459114,2019,"{""type"":""MultiPoint"",""coordinates"":[]}"
1_1_1_1_2_0000000000000000000c,The Nilgiris,1589.863403889872,2019,"{""type"":""MultiPoint"",""coordinates"":[]}"
1_1_1_1_2_0000000000000000000d,Namakkal,976.6414421715632,2019,"{""type"":""MultiPoint"",""coordinates"":[]}"
1_1_1_1_2_0000000000000000000e,Perambalur,1121.1565396534534,2019,"{""type"":""MultiPoint"",""coordinates"":[]}"
1_1_1_1_2_0000000000000000000f,Ramanathapuram,943.0604206730167,2019,"{""type"":""MultiPoint"",""coordinates"":[]}"
1_1_1_1_2_00000000000000000011,Salem,1172.5497835018118,2019,"{""type"":""MultiPoint"",""coordinates"":[]}"
1_1_1_1_2_00000000000000000012,Sivaganga,1157.2406212424808,2019,"{""type"":""MultiPoint"",""coordinates"":[]}"
1_1_1_1_2_00000000000000000013,Theni,1717.9169119740347,2019,"{""type"":""MultiPoint"",""coordinates"":[]}"
1_1_1_1_2_00000000000000000015,Thiruvarur,1257.5547406095336,2019,"{""type"":""MultiPoint"",""coordinates"":[]}"
1_1_1_1_2_00000000000000000016,Tiruchirappalli,1110.7816346946722,2019,"{""type"":""MultiPoint"",""coordinates"":[]}"
1_1_1_1_2_00000000000000000017,Tirunelveli,1489.2721965508888,2019,"{""type"":""MultiPoint"",""coordinates"":[]}"
1_1_1_1_2_00000000000000000018,Tiruppur,808.2431070164366,2019,"{""type"":""MultiPoint"",""coordinates"":[]}"
1_1_1_1_2_0000000000000000001a,Thiruvallur,1036.4859581564917,2019,"{""type"":""MultiPoint"",""coordinates"":[]}"
1_1_1_1_2_0000000000000000001b,Tiruvannamalai,1149.6600268133334,2019,"{""type"":""MultiPoint"",""coordinates"":[]}"
1_1_1_1_2_0000000000000000001d,Vellore,1104.761076875815,2019,"{""type"":""MultiPoint"",""coordinates"":[]}"
1_1_1_1_2_0000000000000000001f,Virudhunagar,1138.769348283663,2019,"{""type"":""MultiPoint"",""coordinates"":[]}"
1_1_1_1_2_00000000000000000020,Krishnagiri,1111.7013882140805,2019,"{""type"":""MultiPoint"",""coordinates"":[]}"
1_1_1_1_2_00000000000000000021,Nagapattinam,1299.7084338688442,2019,"{""type"":""MultiPoint"",""coordinates"":[]}"
1_1_1_1_2_00000000000000000024,Thanjavur,1216.4817291822308,2019,"{""type"":""MultiPoint"",""coordinates"":[]}"
1_1_1_1_2_00000000000000000025,Pudukkottai,1252.628284473245,2019,"{""type"":""MultiPoint"",""coordinates"":[]}"
1_1_1_1_2_00000000000000000001,Chengalpattu,1096.3795685838634,2019,"{""type"":""MultiPoint"",""coordinates"":[]}"
1_1_1_1_2_00000000000000000010,Ranipet,948.4981908774708,2019,"{""type"":""MultiPoint"",""coordinates"":[]}"
1_1_1_1_2_00000000000000000014,Tenkasi,1608.7940507945275,2019,"{""type"":""MultiPoint"",""coordinates"":[]}"
1_1_1_1_2_00000000000000000022,Mayiladuthurai,1275.9588809508289,2019,"{""type"":""MultiPoint"",""coordinates"":[]}"
1_1_1_1_2_0000000000000000001c,Tuticorin,1001.5688971696404,2019,"{""type"":""MultiPoint"",""coordinates"":[]}"
1_1_1_1_2_0000000000000000001e,Villupuram,1141.2057270417033,2019,"{""type"":""MultiPoint"",""coordinates"":[]}"
1_1_1_1_2_00000000000000000023,Kanchipuram,1080.1462366864873,2019,"{""type"":""MultiPoint"",""coordinates"":[]}"
1_1_1_1_2_00000000000000000008,Kallakurichi,1166.494443439151,2019,"{""type"":""MultiPoint"",""coordinates"":[]}"
1_1_1_1_2_00000000000000000019,Tirupathur,1138.1766012628314,2019,"{""type"":""MultiPoint"",""coordinates"":[]}"
1_1_1_2_00000000000000000000,Ariyalur,1258.3959023043792,2020,"{""type"":""MultiPoint"",""coordinates"":[]}"
1_1_1_2_00000000000000000002,Chennai,1872.7625273274912,2020,"{""type"":""MultiPoint"",""coordinates"":[]}"
1_1_1_2_00000000000000000003,Coimbatore,1048.4855131439656,2020,"{""type"":""MultiPoint"",""coordinates"":[]}"
1_1_1_2_00000000000000000004,Cuddalore,1398.4332048841613,2020,"{""type"":""MultiPoint"",""coordinates"":[]}"
1_1_1_2_00000000000000000005,Dharmapuri,1164.8206204040325,2020,"{""type"":""MultiPoint"",""coordinates"":[]}"
1_1_1_2_00000000000000000006,Dindigul,1363.0291177804636,2020,"{""type"":""MultiPoint"",""coordinates"":[]}"
1_1_1_2_00000000000000000007,Erode,873.2320512319866,2020,"{""type"":""MultiPoint"",""coordinates"":[]}"
1_1_1_2_00000000000000000009,Kanniyakumari,1446.0318444382726,2020,"{""type"":""MultiPoint"",""coordinates"":[]}"
1_1_1_2_0000000000000000000a,Karur,807.0765676525835,2020,"{""type"":""MultiPoint"",""coordinates"":[]}"
1_1_1_2_0000000000000000000b,Madurai,1489.9515115484512,2020,"{""type"":""MultiPoint"",""coordinates"":[]}"
1_1_1_2_0000000000000000000c,The Nilgiris,1529.5088843485546,2020,"{""type"":""MultiPoint"",""coordinates"":[]}"
1_1_1_2_0000000000000000000d,Namakkal,940.7063579213532,2020,"{""type"":""MultiPoint"",""coordinates"":[]}"
1_1_1_2_0000000000000000000e,Perambalur,1103.015587932605,2020,"{""type"":""MultiPoint"",""coordinates"":[]}"
1_1_1_2_0000000000000000000f,Ramanathapuram,750.266793488318,2020,"{""type"":""MultiPoint"",""coordinates"":[]}"
1_1_1_2_00000000000000000011,Salem,1191.255578573559,2020,"{""type"":""MultiPoint"",""coordinates"":[]}"
1_1_1_2_00000000000000000012,Sivaganga,1265.8412196686834,2020,"{""type"":""MultiPoint"",""coordinates"":[]}"
1_1_1_2_00000000000000000013,Theni,1907.3269121462652,2020,"{""type"":""MultiPoint"",""coordinates"":[]}"
1_1_1_2_00000000000000000015,Thiruvarur,1622.384099456187,2020,"{""type"":""MultiPoint"",""coordinates"":[]}"
1_1_1_2_00000000000000000016,Tiruchirappalli,1075.4940567999924,2020,"{""type"":""MultiPoint"",""coordinates"":[]}"
1_1_1_2_00000000000000000017,Tirunelveli,1210.6479595528542,2020,"{""type"":""MultiPoint"",""coordinates"":[]}"
1_1_1_2_00000000000000000018,Tiruppur,782.0266445714004,2020,"{""type"":""MultiPoint"",""coordinates"":[]}"
1_1_1_2_0000000000000000001a,Thiruvallur,1534.0273426135618,2020,"{""type"":""MultiPoint"",""coordinates"":[]}"
1_1_1_2_0000000000000000001b,Tiruvannamalai,1426.413109061373,2020,"{""type"":""MultiPoint"",""coordinates"":[]}"
1_1_1_2_0000000000000000001d,Vellore,1368.5649454872093,2020,"{""type"":""MultiPoint"",""coordinates"":[]}"
1_1_1_2_0000000000000000001f,Virudhunagar,1177.7441870346709,2020,"{""type"":""MultiPoint"",""coordinates"":[]}"
1_1_1_2_00000000000000000020,Krishnagiri,1155.6498477013279,2020,"{""type"":""MultiPoint"",""coordinates"":[]}"
1_1_1_2_00000000000000000021,Nagapattinam,1719.2193296967232,2020,"{""type"":""MultiPoint"",""coordinates"":[]}"
1_1_1_2_00000000000000000024,Thanjavur,1386.763114133091,2020,"{""type"":""MultiPoint"",""coordinates"":[]}"
1_1_1_2_00000000000000000025,Pudukkottai,1425.742661522399,2020,"{""type"":""MultiPoint"",""coordinates"":[]}"
1_1_1_2_00000000000000000001,Chengalpattu,1654.4912974271463,2020,"{""type"":""MultiPoint"",""coordinates"":[]}"
1_1_1_2_00000000000000000010,Ranipet,1320.3650842806314,2020,"{""type"":""MultiPoint"",""coordinates"":[]}"
1_1_1_2_00000000000000000014,Tenkasi,1601.7108512051602,2020,"{""type"":""MultiPoint"",""coordinates"":[]}"
1_1_1_2_00000000000000000022,Mayiladuthurai,1545.7179816057514,2020,"{""type"":""MultiPoint"",""coordinates"":[]}"
1_1_1_2_0000000000000000001c,Tuticorin,741.5064210085744,2020,"{""type"":""MultiPoint"",""coordinates"":[]}"
1_1_1_2_0000000000000000001e,Villupuram,1439.4247374031656,2020,"{""type"":""MultiPoint"",""coordinates"":[]}"
1_1_1_2_00000000000000000023,Kanchipuram,1659.372824238176,2020,"{""type"":""MultiPoint"",""coordinates"":[]}"
1_1_1_2_00000000000000000008,Kallakurichi,1275.0649330743047,2020,"{""type"":""MultiPoint"",""coordinates"":[]}"
1_1_1_2_00000000000000000019,Tirupathur,1294.5740274396965,2020,"{""type"":""MultiPoint"",""coordinates"":[]}"
1_1_2_00000000000000000000,Ariyalur,1748.0114380899022,2021,"{""type"":""MultiPoint"",""coordinates"":[]}"
1_1_2_00000000000000000002,Chennai,1953.5336393859532,2021,"{""type"":""MultiPoint"",""coordinates"":[]}"
1_1_2_00000000000000000003,Coimbatore,1453.205175060064,2021,"{""type"":""MultiPoint"",""coordinates"":[]}"
1_1_2_00000000000000000004,Cuddalore,1961.3118428162493,2021,"{""type"":""MultiPoint"",""coordinates"":[]}"
1_1_2_00000000000000000005,Dharmapuri,1581.9306717208437,2021,"{""type"":""MultiPoint"",""coordinates"":[]}"
1_1_2_00000000000000000006,Dindigul,1749.733951486296,2021,"{""type"":""MultiPoint"",""coordinates"":[]}"
1_1_2_00000000000000000007,Erode,1413.5893475022006,2021,"{""type"":""MultiPoint"",""coordinates"":[]}"
1_1_2_00000000000000000009,Kanniyakumari,1908.709933932786,2021,"{""type"":""MultiPoint"",""coordinates"":[]}"
1_1_2_0000000000000000000a,Karur,1281.759577052591,2021,"{""type"":""MultiPoint"",""coordinates"":[]}"
1_1_2_0000000000000000000b,Madurai,1678.2662645758617,2021,"{""type"":""MultiPoint"",""coordinates"":[]}"
1_1_2_0000000000000000000c,The Nilgiris,2037.574812461355,2021,"{""type"":""MultiPoint"",""coordinates"":[]}"
1_1_2_0000000000000000000d,Namakkal,1459.5850579861367,2021,"{""type"":""MultiPoint"",""coordinates"":[]}"
1_1_2_0000000000000000000e,Perambalur,1635.9448524965421,2021,"{""type"":""MultiPoint"",""coordinates"":[]}"
1_1_2_0000000000000000000f,Ramanathapuram,1237.2698288815686,2021,"{""type"":""MultiPoint"",""coordinates"":[]}"
1_1_2_00000000000000000011,Salem,1709.3842082596623,2021,"{""type"":""MultiPoint"",""coordinates"":[]}"
1_1_2_00000000000000000012,Sivaganga,1522.0125520413446,2021,"{""type"":""MultiPoint"",""coordinates"":[]}"
1_1_2_00000000000000000013,Theni,2168.133066507042,2021,"{""type"":""MultiPoint"",""coordinates"":[]}"
1_1_2_00000000000000000015,Thiruvarur,1955.956327849953,2021,"{""type"":""MultiPoint"",""coordinates"":[]}"
1_1_2_00000000000000000016,Tiruchirappalli,1511.915293465928,2021,"{""type"":""MultiPoint"",""coordinates"":[]}"
1_1_2_00000000000000000017,Tirunelveli,1659.9841042997828,2021,"{""type"":""MultiPoint"",""coordinates"":[]}"
1_1_2_00000000000000000018,Tiruppur,1218.5076485540767,2021,"{""type"":""MultiPoint"",""coordinates"":[]}"
1_1_2_0000000000000000001a,Thiruvallur,1570.547619851249,2021,"{""type"":""MultiPoint"",""coordinates"":[]}"
1_1_2_0000000000000000001b,Tiruvannamalai,1779.501349285073,2021,"{""type"":""MultiPoint"",""coordinates"":[]}"
1_1_2_0000000000000000001d,Vellore,1608.6448698121426,2021,"{""type"":""MultiPoint"",""coordinates"":[]}"
1_1_2_0000000000000000001f,Virudhunagar,1523.6314548868345,2021,"{""type"":""MultiPoint"",""coordinates"":[]}"
1_1_2_00000000000000000020,Krishnagiri,1462.6525023676115,2021,"{""type"":""MultiPoint"",""coordinates"":[]}"
1_1_2_00000000000000000021,Nagapattinam,2099.583644191531,2021,"{""type"":""MultiPoint"",""coordinates"":[]}"
1_1_2_00000000000000000024,Thanjavur,1721.9841361071121,2021,"{""type"":""MultiPoint"",""coordinates"":[]}"
1_1_2_00000000000000000025,Pudukkottai,1695.8297524929576,2021,"{""type"":""MultiPoint"",""coordinates"":[]}"
1_1_2_00000000000000000001,Chengalpattu,1837.8578460643637,2021,"{""type"":""MultiPoint"",""coordinates"":[]}"
1_1_2_00000000000000000010,Ranipet,1455.9208910349396,2021,"{""type"":""MultiPoint"",""coordinates"":[]}"
1_1_2_00000000000000000014,Tenkasi,1987.8239351699085,2021,"{""type"":""MultiPoint"",""coordinates"":[]}"
1_1_2_00000000000000000022,Mayiladuthurai,1972.9167834547952,2021,"{""type"":""MultiPoint"",""coordinates"":[]}"
1_1_2_0000000000000000001c,Tuticorin,1193.9404004359424,2021,"{""type"":""MultiPoint"",""coordinates"":[]}"
1_1_2_0000000000000000001e,Villupuram,1890.083297882598,2021,"{""type"":""MultiPoint"",""coordinates"":[]}"
1_1_2_00000000000000000023,Kanchipuram,1757.5050943753752,2021,"{""type"":""MultiPoint"",""coordinates"":[]}"
1_1_2_00000000000000000008,Kallakurichi,1917.8524771799682,2021,"{""type"":""MultiPoint"",""coordinates"":[]}"
1_1_2_00000000000000000019,Tirupathur,1644.306076291421,2021,"{""type"":""MultiPoint"",""coordinates"":[]}"
1_2_00000000000000000000,Ariyalur,1243.36774751048,2022,"{""type"":""MultiPoint"",""coordinates"":[]}"
1_2_00000000000000000002,Chennai,1662.6728981746867,2022,"{""type"":""MultiPoint"",""coordinates"":[]}"
1_2_00000000000000000003,Coimbatore,1248.0045198381433,2022,"{""type"":""MultiPoint"",""coordinates"":[]}"
1_2_00000000000000000004,Cuddalore,1301.6699942973958,2022,"{""type"":""MultiPoint"",""coordinates"":[]}"
1_2_00000000000000000005,Dharmapuri,1333.7436531784576,2022,"{""type"":""MultiPoint"",""coordinates"":[]}"
1_2_00000000000000000006,Dindigul,1489.2705729597012,2022,"{""type"":""MultiPoint"",""coordinates"":[]}"
1_2_00000000000000000007,Erode,1122.7008489725054,2022,"{""type"":""MultiPoint"",""coordinates"":[]}"
1_2_00000000000000000009,Kanniyakumari,1348.498954937476,2022,"{""type"":""MultiPoint"",""coordinates"":[]}"
1_2_0000000000000000000a,Karur,937.8496500661522,2022,"{""type"":""MultiPoint"",""coordinates"":[]}"
1_2_0000000000000000000b,Madurai,1510.7751909386964,2022,"{""type"":""MultiPoint"",""coordinates"":[]}"
1_2_0000000000000000000c,The Nilgiris,1810.762625472796,2022,"{""type"":""MultiPoint"",""coordinates"":[]}"
1_2_0000000000000000000d,Namakkal,1154.5779479594075,2022,"{""type"":""MultiPoint"",""coordinates"":[]}"
1_2_0000000000000000000e,Perambalur,1266.9113190578216,2022,"{""type"":""MultiPoint"",""coordinates"":[]}"
1_2_0000000000000000000f,Ramanathapuram,753.7897201404355,2022,"{""type"":""MultiPoint"",""coordinates"":[]}"
1_2_00000000000000000011,Salem,1346.126770677348,2022,"{""type"":""MultiPoint"",""coordinates"":[]}"
1_2_00000000000000000012,Sivaganga,1121.5866046245571,2022,"{""type"":""MultiPoint"",""coordinates"":[]}"
1_2_00000000000000000013,Theni,2092.2600376011255,2022,"{""type"":""MultiPoint"",""coordinates"":[]}"
1_2_00000000000000000015,Thiruvarur,1391.111416072304,2022,"{""type"":""MultiPoint"",""coordinates"":[]}"
1_2_00000000000000000016,Tiruchirappalli,1173.8750344372386,2022,"{""type"":""MultiPoint"",""coordinates"":[]}"
1_2_00000000000000000017,Tirunelveli,1222.259731233822,2022,"{""type"":""MultiPoint"",""coordinates"":[]}"
1_2_00000000000000000018,Tiruppur,967.3502116970703,2022,"{""type"":""MultiPoint"",""coordinates"":[]}"
1_2_0000000000000000001a,Thiruvallur,1412.5158566891428,2022,"{""type"":""MultiPoint"",""coordinates"":[]}"
1_2_0000000000000000001b,Tiruvannamalai,1389.4834232949943,2022,"{""type"":""MultiPoint"",""coordinates"":[]}"
1_2_0000000000000000001d,Vellore,1449.6217692022983,2022,"{""type"":""MultiPoint"",""coordinates"":[]}"
1_2_0000000000000000001f,Virudhunagar,1244.2663570410173,2022,"{""type"":""MultiPoint"",""coordinates"":[]}"
1_2_00000000000000000020,Krishnagiri,1357.0255724138644,2022,"{""type"":""MultiPoint"",""coordinates"":[]}"
1_2_00000000000000000021,Nagapattinam,1493.1719602414769,2022,"{""type"":""MultiPoint"",""coordinates"":[]}"
1_2_00000000000000000024,Thanjavur,1282.6378836710237,2022,"{""type"":""MultiPoint"",""coordinates"":[]}"
1_2_00000000000000000025,Pudukkottai,1283.8494147075062,2022,"{""type"":""MultiPoint"",""coordinates"":[]}"
1_2_00000000000000000001,Chengalpattu,1386.0426144146454,2022,"{""type"":""MultiPoint"",""coordinates"":[]}"
1_2_00000000000000000010,Ranipet,1252.3678322177773,2022,"{""type"":""MultiPoint"",""coordinates"":[]}"
1_2_00000000000000000014,Tenkasi,1642.9926839263014,2022,"{""type"":""MultiPoint"",""coordinates"":[]}"
1_2_00000000000000000022,Mayiladuthurai,1327.4513976663416,2022,"{""type"":""MultiPoint"",""coordinates"":[]}"
1_2_0000000000000000001c,Tuticorin,768.3564034421763,2022,"{""type"":""MultiPoint"",""coordinates"":[]}"
1_2_0000000000000000001e,Villupuram,1329.0138554202138,2022,"{""type"":""MultiPoint"",""coordinates"":[]}"
1_2_00000000000000000023,Kanchipuram,1440.1456049170795,2022,"{""type"":""MultiPoint"",""coordinates"":[]}"
1_2_00000000000000000008,Kallakurichi,1348.6773403297386,2022,"{""type"":""MultiPoint"",""coordinates"":[]}"
1_2_00000000000000000019,Tirupathur,1399.0136970853198,2022,"{""type"":""MultiPoint"",""coordinates"":[]}"
2_00000000000000000000,Ariyalur,1388.2656849105156,2023,"{""type"":""MultiPoint"",""coordinates"":[]}"
2_00000000000000000002,Chennai,1885.4229757089,2023,"{""type"":""MultiPoint"",""coordinates"":[]}"
2_00000000000000000003,Coimbatore,1019.6585711399606,2023,"{""type"":""MultiPoint"",""coordinates"":[]}"
2_00000000000000000004,Cuddalore,1457.0374724039143,2023,"{""type"":""MultiPoint"",""coordinates"":[]}"
2_00000000000000000005,Dharmapuri,1280.6709209270998,2023,"{""type"":""MultiPoint"",""coordinates"":[]}"
2_00000000000000000006,Dindigul,1213.585565393278,2023,"{""type"":""MultiPoint"",""coordinates"":[]}"
2_00000000000000000007,Erode,979.3535886348402,2023,"{""type"":""MultiPoint"",""coordinates"":[]}"
2_00000000000000000009,Kanniyakumari,1516.431580486399,2023,"{""type"":""MultiPoint"",""coordinates"":[]}"
2_0000000000000000000a,Karur,894.4344454713942,2023,"{""type"":""MultiPoint"",""coordinates"":[]}"
2_0000000000000000000b,Madurai,1345.315243891757,2023,"{""type"":""MultiPoint"",""coordinates"":[]}"
2_0000000000000000000c,The Nilgiris,1400.411374931382,2023,"{""type"":""MultiPoint"",""coordinates"":[]}"
2_0000000000000000000d,Namakkal,1149.3014952559713,2023,"{""type"":""MultiPoint"",""coordinates"":[]}"
2_0000000000000000000e,Perambalur,1301.8392063669341,2023,"{""type"":""MultiPoint"",""coordinates"":[]}"
2_0000000000000000000f,Ramanathapuram,943.6711090493159,2023,"{""type"":""MultiPoint"",""coordinates"":[]}"
2_00000000000000000011,Salem,1360.6820533908733,2023,"{""type"":""MultiPoint"",""coordinates"":[]}"
2_00000000000000000012,Sivaganga,1318.575025841508,2023,"{""type"":""MultiPoint"",""coordinates"":[]}"
2_00000000000000000013,Theni,1685.6348058533968,2023,"{""type"":""MultiPoint"",""coordinates"":[]}"
2_00000000000000000015,Thiruvarur,1625.8325322982605,2023,"{""type"":""MultiPoint"",""coordinates"":[]}"
2_00000000000000000016,Tiruchirappalli,1199.1959372255467,2023,"{""type"":""MultiPoint"",""coordinates"":[]}"
2_00000000000000000017,Tirunelveli,1324.9653834631301,2023,"{""type"":""MultiPoint"",""coordinates"":[]}"
2_00000000000000000018,Tiruppur,785.5604321594769,2023,"{""type"":""MultiPoint"",""coordinates"":[]}"
2_0000000000000000001a,Thiruvallur,1382.8575120843943,2023,"{""type"":""MultiPoint"",""coordinates"":[]}"
2_0000000000000000001b,Tiruvannamalai,1482.6818765449152,2023,"{""type"":""MultiPoint"",""coordinates"":[]}"
2_0000000000000000001d,Vellore,1456.0100874045538,2023,"{""type"":""MultiPoint"",""coordinates"":[]}"
2_0000000000000000001f,Virudhunagar,1210.146681449779,2023,"{""type"":""MultiPoint"",""coordinates"":[]}"
2_00000000000000000020,Krishnagiri,1137.560135150495,2023,"{""type"":""MultiPoint"",""coordinates"":[]}"
2_00000000000000000021,Nagapattinam,1675.2462936207683,2023,"{""type"":""MultiPoint"",""coordinates"":[]}"
2_00000000000000000024,Thanjavur,1434.764923774325,2023,"{""type"":""MultiPoint"",""coordinates"":[]}"
2_00000000000000000025,Pudukkottai,1407.4872301947867,2023,"{""type"":""MultiPoint"",""coordinates"":[]}"
2_00000000000000000001,Chengalpattu,1369.1803345470237,2023,"{""type"":""MultiPoint"",""coordinates"":[]}"
2_00000000000000000010,Ranipet,1223.4979283473615,2023,"{""type"":""MultiPoint"",""coordinates"":[]}"
2_00000000000000000014,Tenkasi,1562.7095879666813,2023,"{""type"":""MultiPoint"",""coordinates"":[]}"
2_00000000000000000022,Mayiladuthurai,1503.387341854545,2023,"{""type"":""MultiPoint"",""coordinates"":[]}"
2_0000000000000000001c,Tuticorin,934.383665288422,2023,"{""type"":""MultiPoint"",""coordinates"":[]}"
2_0000000000000000001e,Villupuram,1445.9964032768753,2023,"{""type"":""MultiPoint"",""coordinates"":[]}"
2_00000000000000000023,Kanchipuram,1405.4359071980164,2023,"{""type"":""MultiPoint"",""coordinates"":[]}"
2_00000000000000000008,Kallakurichi,1421.8600936055673,2023,"{""type"":""MultiPoint"",""coordinates"":[]}"
2_00000000000000000019,Tirupathur,1562.458175575337,2023,"{""type"":""MultiPoint"",""coordinates"":[]}"
