system:index,District,Evapotranspiration_mm,Year,.geo
1_1_1_1_1_1_1_1_2_00000000000000000000,Ariyalur,12.980377223464137,2015,"{""type"":""MultiPoint"",""coordinates"":[]}"
1_1_1_1_1_1_1_1_2_00000000000000000002,Chennai,12.389819463111005,2015,"{""type"":""MultiPoint"",""coordinates"":[]}"
1_1_1_1_1_1_1_1_2_00000000000000000003,Coimbatore,19.982174566740873,2015,"{""type"":""MultiPoint"",""coordinates"":[]}"
1_1_1_1_1_1_1_1_2_00000000000000000004,Cuddalore,13.716527569992465,2015,"{""type"":""MultiPoint"",""coordinates"":[]}"
1_1_1_1_1_1_1_1_2_00000000000000000005,Dharmapuri,14.193462922574323,2015,"{""type"":""MultiPoint"",""coordinates"":[]}"
1_1_1_1_1_1_1_1_2_00000000000000000006,Dindigul,16.423829854423655,2015,"{""type"":""MultiPoint"",""coordinates"":[]}"
1_1_1_1_1_1_1_1_2_00000000000000000007,Erode,15.730429435890459,2015,"{""type"":""MultiPoint"",""coordinates"":[]}"
1_1_1_1_1_1_1_1_2_00000000000000000009,Kanniyakumari,28.447017792383022,2015,"{""type"":""MultiPoint"",""coordinates"":[]}"
1_1_1_1_1_1_1_1_2_0000000000000000000a,Karur,10.830688221137505,2015,"{""type"":""MultiPoint"",""coordinates"":[]}"
1_1_1_1_1_1_1_1_2_0000000000000000000b,Madurai,14.058701864811622,2015,"{""type"":""MultiPoint"",""coordinates"":[]}"
1_1_1_1_1_1_1_1_2_0000000000000000000c,The Nilgiris,26.676998798241286,2015,"{""type"":""MultiPoint"",""coordinates"":[]}"
1_1_1_1_1_1_1_1_2_0000000000000000000d,Namakkal,12.98498344885966,2015,"{""type"":""MultiPoint"",""coordinates"":[]}"
1_1_1_1_1_1_1_1_2_0000000000000000000e,Perambalur,11.597399047412386,2015,"{""type"":""MultiPoint"",""coordinates"":[]}"
1_1_1_1_1_1_1_1_2_0000000000000000000f,Ramanathapuram,13.90112074877432,2015,"{""type"":""MultiPoint"",""coordinates"":[]}"
1_1_1_1_1_1_1_1_2_00000000000000000011,Salem,15.298466893318206,2015,"{""type"":""MultiPoint"",""coordinates"":[]}"
1_1_1_1_1_1_1_1_2_00000000000000000012,Sivaganga,13.021908628147944,2015,"{""type"":""MultiPoint"",""coordinates"":[]}"
1_1_1_1_1_1_1_1_2_00000000000000000013,Theni,20.157140396669366,2015,"{""type"":""MultiPoint"",""coordinates"":[]}"
1_1_1_1_1_1_1_1_2_00000000000000000015,Thiruvarur,16.190281178161914,2015,"{""type"":""MultiPoint"",""coordinates"":[]}"
1_1_1_1_1_1_1_1_2_00000000000000000016,Tiruchirappalli,12.424847604788894,2015,"{""type"":""MultiPoint"",""coordinates"":[]}"
1_1_1_1_1_1_1_1_2_00000000000000000017,Tirunelveli,20.74747021367057,2015,"{""type"":""MultiPoint"",""coordinates"":[]}"
1_1_1_1_1_1_1_1_2_00000000000000000018,Tiruppur,12.714785061172464,2015,"{""type"":""MultiPoint"",""coordinates"":[]}"
1_1_1_1_1_1_1_1_2_0000000000000000001a,Thiruvallur,12.218044144049273,2015,"{""type"":""MultiPoint"",""coordinates"":[]}"
1_1_1_1_1_1_1_1_2_0000000000000000001b,Tiruvannamalai,13.228531861670586,2015,"{""type"":""MultiPoint"",""coordinates"":[]}"
1_1_1_1_1_1_1_1_2_0000000000000000001d,Vellore,13.509539784284947,2015,"{""type"":""MultiPoint"",""coordinates"":[]}"
1_1_1_1_1_1_1_1_2_0000000000000000001f,Virudhunagar,12.903144893595726,2015,"{""type"":""MultiPoint"",""coordinates"":[]}"
1_1_1_1_1_1_1_1_2_00000000000000000020,Krishnagiri,13.884207886798894,2015,"{""type"":""MultiPoint"",""coordinates"":[]}"
1_1_1_1_1_1_1_1_2_00000000000000000021,Nagapattinam,18.086951637426544,2015,"{""type"":""MultiPoint"",""coordinates"":[]}"
1_1_1_1_1_1_1_1_2_00000000000000000024,Thanjavur,15.661076386427187,2015,"{""type"":""MultiPoint"",""coordinates"":[]}"
1_1_1_1_1_1_1_1_2_00000000000000000025,Pudukkottai,13.127451986402688,2015,"{""type"":""MultiPoint"",""coordinates"":[]}"
1_1_1_1_1_1_1_1_2_00000000000000000001,Chengalpattu,13.578036872497789,2015,"{""type"":""MultiPoint"",""coordinates"":[]}"
1_1_1_1_1_1_1_1_2_00000000000000000010,Ranipet,11.226946880974907,2015,"{""type"":""MultiPoint"",""coordinates"":[]}"
1_1_1_1_1_1_1_1_2_00000000000000000014,Tenkasi,18.075123767359177,2015,"{""type"":""MultiPoint"",""coordinates"":[]}"
1_1_1_1_1_1_1_1_2_00000000000000000022,Mayiladuthurai,17.48351667426306,2015,"{""type"":""MultiPoint"",""coordinates"":[]}"
1_1_1_1_1_1_1_1_2_0000000000000000001c,Tuticorin,14.063087345746107,2015,"{""type"":""MultiPoint"",""coordinates"":[]}"
1_1_1_1_1_1_1_1_2_0000000000000000001e,Villupuram,12.94392396989498,2015,"{""type"":""MultiPoint"",""coordinates"":[]}"
1_1_1_1_1_1_1_1_2_00000000000000000023,Kanchipuram,12.053630600415389,2015,"{""type"":""MultiPoint"",""coordinates"":[]}"
1_1_1_1_1_1_1_1_2_00000000000000000008,Kallakurichi,13.740791069673149,2015,"{""type"":""MultiPoint"",""coordinates"":[]}"
1_1_1_1_1_1_1_1_2_00000000000000000019,Tirupathur,14.536800648956927,2015,"{""type"":""MultiPoint"",""coordinates"":[]}"
1_1_1_1_1_1_1_2_00000000000000000000,Ariyalur,10.677714968895003,2016,"{""type"":""MultiPoint"",""coordinates"":[]}"
1_1_1_1_1_1_1_2_00000000000000000002,Chennai,10.382658582472338,2016,"{""type"":""MultiPoint"",""coordinates"":[]}"
1_1_1_1_1_1_1_2_00000000000000000003,Coimbatore,17.67972222449708,2016,"{""type"":""MultiPoint"",""coordinates"":[]}"
1_1_1_1_1_1_1_2_00000000000000000004,Cuddalore,11.510810474636928,2016,"{""type"":""MultiPoint"",""coordinates"":[]}"
1_1_1_1_1_1_1_2_00000000000000000005,Dharmapuri,11.81281680306754,2016,"{""type"":""MultiPoint"",""coordinates"":[]}"
1_1_1_1_1_1_1_2_00000000000000000006,Dindigul,14.021390604468255,2016,"{""type"":""MultiPoint"",""coordinates"":[]}"
1_1_1_1_1_1_1_2_00000000000000000007,Erode,12.24945737168283,2016,"{""type"":""MultiPoint"",""coordinates"":[]}"
1_1_1_1_1_1_1_2_00000000000000000009,Kanniyakumari,27.784882697580336,2016,"{""type"":""MultiPoint"",""coordinates"":[]}"
1_1_1_1_1_1_1_2_0000000000000000000a,Karur,7.531527467963817,2016,"{""type"":""MultiPoint"",""coordinates"":[]}"
1_1_1_1_1_1_1_2_0000000000000000000b,Madurai,11.05244697251905,2016,"{""type"":""MultiPoint"",""coordinates"":[]}"
1_1_1_1_1_1_1_2_0000000000000000000c,The Nilgiris,25.149799331421608,2016,"{""type"":""MultiPoint"",""coordinates"":[]}"
1_1_1_1_1_1_1_2_0000000000000000000d,Namakkal,9.50173935698159,2016,"{""type"":""MultiPoint"",""coordinates"":[]}"
1_1_1_1_1_1_1_2_0000000000000000000e,Perambalur,9.04129693430423,2016,"{""type"":""MultiPoint"",""coordinates"":[]}"
1_1_1_1_1_1_1_2_0000000000000000000f,Ramanathapuram,10.431291917325465,2016,"{""type"":""MultiPoint"",""coordinates"":[]}"
1_1_1_1_1_1_1_2_00000000000000000011,Salem,12.179769706734737,2016,"{""type"":""MultiPoint"",""coordinates"":[]}"
1_1_1_1_1_1_1_2_00000000000000000012,Sivaganga,9.893322711768944,2016,"{""type"":""MultiPoint"",""coordinates"":[]}"
1_1_1_1_1_1_1_2_00000000000000000013,Theni,17.05358901506882,2016,"{""type"":""MultiPoint"",""coordinates"":[]}"
1_1_1_1_1_1_1_2_00000000000000000015,Thiruvarur,13.482138389423989,2016,"{""type"":""MultiPoint"",""coordinates"":[]}"
1_1_1_1_1_1_1_2_00000000000000000016,Tiruchirappalli,9.53145723935558,2016,"{""type"":""MultiPoint"",""coordinates"":[]}"
1_1_1_1_1_1_1_2_00000000000000000017,Tirunelveli,17.202221578037054,2016,"{""type"":""MultiPoint"",""coordinates"":[]}"
1_1_1_1_1_1_1_2_00000000000000000018,Tiruppur,10.154971381348547,2016,"{""type"":""MultiPoint"",""coordinates"":[]}"
1_1_1_1_1_1_1_2_0000000000000000001a,Thiruvallur,11.149141517540624,2016,"{""type"":""MultiPoint"",""coordinates"":[]}"
1_1_1_1_1_1_1_2_0000000000000000001b,Tiruvannamalai,11.627760999934456,2016,"{""type"":""MultiPoint"",""coordinates"":[]}"
1_1_1_1_1_1_1_2_0000000000000000001d,Vellore,12.618942597132959,2016,"{""type"":""MultiPoint"",""coordinates"":[]}"
1_1_1_1_1_1_1_2_0000000000000000001f,Virudhunagar,10.057416721730892,2016,"{""type"":""MultiPoint"",""coordinates"":[]}"
1_1_1_1_1_1_1_2_00000000000000000020,Krishnagiri,11.971777201924501,2016,"{""type"":""MultiPoint"",""coordinates"":[]}"
1_1_1_1_1_1_1_2_00000000000000000021,Nagapattinam,14.479185327989907,2016,"{""type"":""MultiPoint"",""coordinates"":[]}"
1_1_1_1_1_1_1_2_00000000000000000024,Thanjavur,13.453093536046726,2016,"{""type"":""MultiPoint"",""coordinates"":[]}"
1_1_1_1_1_1_1_2_00000000000000000025,Pudukkottai,10.206397920803443,2016,"{""type"":""MultiPoint"",""coordinates"":[]}"
1_1_1_1_1_1_1_2_00000000000000000001,Chengalpattu,12.277555066996676,2016,"{""type"":""MultiPoint"",""coordinates"":[]}"
1_1_1_1_1_1_1_2_00000000000000000010,Ranipet,10.005743548084725,2016,"{""type"":""MultiPoint"",""coordinates"":[]}"
1_1_1_1_1_1_1_2_00000000000000000014,Tenkasi,14.053014100554176,2016,"{""type"":""MultiPoint"",""coordinates"":[]}"
1_1_1_1_1_1_1_2_00000000000000000022,Mayiladuthurai,15.333994811092719,2016,"{""type"":""MultiPoint"",""coordinates"":[]}"
1_1_1_1_1_1_1_2_0000000000000000001c,Tuticorin,10.534553400644766,2016,"{""type"":""MultiPoint"",""coordinates"":[]}"
1_1_1_1_1_1_1_2_0000000000000000001e,Villupuram,11.432524017528534,2016,"{""type"":""MultiPoint"",""coordinates"":[]}"
1_1_1_1_1_1_1_2_00000000000000000023,Kanchipuram,11.040234850676686,2016,"{""type"":""MultiPoint"",""coordinates"":[]}"
1_1_1_1_1_1_1_2_00000000000000000008,Kallakurichi,11.447634401671268,2016,"{""type"":""MultiPoint"",""coordinates"":[]}"
1_1_1_1_1_1_1_2_00000000000000000019,Tirupathur,13.575800906834125,2016,"{""type"":""MultiPoint"",""coordinates"":[]}"
1_1_1_1_1_1_2_00000000000000000000,Ariyalur,12.017411200763016,2017,"{""type"":""MultiPoint"",""coordinates"":[]}"
1_1_1_1_1_1_2_00000000000000000002,Chennai,11.071297596944849,2017,"{""type"":""MultiPoint"",""coordinates"":[]}"
1_1_1_1_1_1_2_00000000000000000003,Coimbatore,18.598732665682586,2017,"{""type"":""MultiPoint"",""coordinates"":[]}"
1_1_1_1_1_1_2_00000000000000000004,Cuddalore,12.64671916037455,2017,"{""type"":""MultiPoint"",""coordinates"":[]}"
1_1_1_1_1_1_2_00000000000000000005,Dharmapuri,13.084422310788643,2017,"{""type"":""MultiPoint"",""coordinates"":[]}"
1_1_1_1_1_1_2_00000000000000000006,Dindigul,14.549940257124685,2017,"{""type"":""MultiPoint"",""coordinates"":[]}"
1_1_1_1_1_1_2_00000000000000000007,Erode,13.982511983468276,2017,"{""type"":""MultiPoint"",""coordinates"":[]}"
1_1_1_1_1_1_2_00000000000000000009,Kanniyakumari,27.255071967392258,2017,"{""type"":""MultiPoint"",""coordinates"":[]}"
1_1_1_1_1_1_2_0000000000000000000a,Karur,9.453600457271287,2017,"{""type"":""MultiPoint"",""coordinates"":[]}"
1_1_1_1_1_1_2_0000000000000000000b,Madurai,11.530909745266436,2017,"{""type"":""MultiPoint"",""coordinates"":[]}"
1_1_1_1_1_1_2_0000000000000000000c,The Nilgiris,25.347114848365578,2017,"{""type"":""MultiPoint"",""coordinates"":[]}"
1_1_1_1_1_1_2_0000000000000000000d,Namakkal,11.4506627116001,2017,"{""type"":""MultiPoint"",""coordinates"":[]}"
1_1_1_1_1_1_2_0000000000000000000e,Perambalur,10.719076679854007,2017,"{""type"":""MultiPoint"",""coordinates"":[]}"
1_1_1_1_1_1_2_0000000000000000000f,Ramanathapuram,10.28242937249388,2017,"{""type"":""MultiPoint"",""coordinates"":[]}"
1_1_1_1_1_1_2_00000000000000000011,Salem,13.616166387688502,2017,"{""type"":""MultiPoint"",""coordinates"":[]}"
1_1_1_1_1_1_2_00000000000000000012,Sivaganga,9.853924551606761,2017,"{""type"":""MultiPoint"",""coordinates"":[]}"
1_1_1_1_1_1_2_00000000000000000013,Theni,17.34120589235141,2017,"{""type"":""MultiPoint"",""coordinates"":[]}"
1_1_1_1_1_1_2_00000000000000000015,Thiruvarur,14.866976497975767,2017,"{""type"":""MultiPoint"",""coordinates"":[]}"
1_1_1_1_1_1_2_00000000000000000016,Tiruchirappalli,10.831763094912082,2017,"{""type"":""MultiPoint"",""coordinates"":[]}"
1_1_1_1_1_1_2_00000000000000000017,Tirunelveli,18.469323956867882,2017,"{""type"":""MultiPoint"",""coordinates"":[]}"
1_1_1_1_1_1_2_00000000000000000018,Tiruppur,11.392011011121102,2017,"{""type"":""MultiPoint"",""coordinates"":[]}"
1_1_1_1_1_1_2_0000000000000000001a,Thiruvallur,11.467442679572985,2017,"{""type"":""MultiPoint"",""coordinates"":[]}"
1_1_1_1_1_1_2_0000000000000000001b,Tiruvannamalai,12.14522202887677,2017,"{""type"":""MultiPoint"",""coordinates"":[]}"
1_1_1_1_1_1_2_0000000000000000001d,Vellore,13.475561521849194,2017,"{""type"":""MultiPoint"",""coordinates"":[]}"
1_1_1_1_1_1_2_0000000000000000001f,Virudhunagar,11.05630940855122,2017,"{""type"":""MultiPoint"",""coordinates"":[]}"
1_1_1_1_1_1_2_00000000000000000020,Krishnagiri,13.070573211949856,2017,"{""type"":""MultiPoint"",""coordinates"":[]}"
1_1_1_1_1_1_2_00000000000000000021,Nagapattinam,15.80792677282448,2017,"{""type"":""MultiPoint"",""coordinates"":[]}"
1_1_1_1_1_1_2_00000000000000000024,Thanjavur,14.045086424979159,2017,"{""type"":""MultiPoint"",""coordinates"":[]}"
1_1_1_1_1_1_2_00000000000000000025,Pudukkottai,10.647211349387533,2017,"{""type"":""MultiPoint"",""coordinates"":[]}"
1_1_1_1_1_1_2_00000000000000000001,Chengalpattu,13.043117969007845,2017,"{""type"":""MultiPoint"",""coordinates"":[]}"
1_1_1_1_1_1_2_00000000000000000010,Ranipet,11.147785827372324,2017,"{""type"":""MultiPoint"",""coordinates"":[]}"
1_1_1_1_1_1_2_00000000000000000014,Tenkasi,16.302327618719247,2017,"{""type"":""MultiPoint"",""coordinates"":[]}"
1_1_1_1_1_1_2_00000000000000000022,Mayiladuthurai,15.472332552629924,2017,"{""type"":""MultiPoint"",""coordinates"":[]}"
1_1_1_1_1_1_2_0000000000000000001c,Tuticorin,11.025445265777702,2017,"{""type"":""MultiPoint"",""coordinates"":[]}"
1_1_1_1_1_1_2_0000000000000000001e,Villupuram,11.925557523351777,2017,"{""type"":""MultiPoint"",""coordinates"":[]}"
1_1_1_1_1_1_2_00000000000000000023,Kanchipuram,11.928125417957405,2017,"{""type"":""MultiPoint"",""coordinates"":[]}"
1_1_1_1_1_1_2_00000000000000000008,Kallakurichi,11.951562725421198,2017,"{""type"":""MultiPoint"",""coordinates"":[]}"
1_1_1_1_1_1_2_00000000000000000019,Tirupathur,14.265794355131082,2017,"{""type"":""MultiPoint"",""coordinates"":[]}"
1_1_1_1_1_2_00000000000000000000,Ariyalur,10.552461060991416,2018,"{""type"":""MultiPoint"",""coordinates"":[]}"
1_1_1_1_1_2_00000000000000000002,Chennai,9.733731697158053,2018,"{""type"":""MultiPoint"",""coordinates"":[]}"
1_1_1_1_1_2_00000000000000000003,Coimbatore,18.46037084979335,2018,"{""type"":""MultiPoint"",""coordinates"":[]}"
1_1_1_1_1_2_00000000000000000004,Cuddalore,11.366755016207305,2018,"{""type"":""MultiPoint"",""coordinates"":[]}"
1_1_1_1_1_2_00000000000000000005,Dharmapuri,11.55921240022593,2018,"{""type"":""MultiPoint"",""coordinates"":[]}"
1_1_1_1_1_2_00000000000000000006,Dindigul,14.813811691739655,2018,"{""type"":""MultiPoint"",""coordinates"":[]}"
1_1_1_1_1_2_00000000000000000007,Erode,14.085395800727536,2018,"{""type"":""MultiPoint"",""coordinates"":[]}"
1_1_1_1_1_2_00000000000000000009,Kanniyakumari,27.227692184080222,2018,"{""type"":""MultiPoint"",""coordinates"":[]}"
1_1_1_1_1_2_0000000000000000000a,Karur,8.473517655815172,2018,"{""type"":""MultiPoint"",""coordinates"":[]}"
1_1_1_1_1_2_0000000000000000000b,Madurai,11.679753086071509,2018,"{""type"":""MultiPoint"",""coordinates"":[]}"
1_1_1_1_1_2_0000000000000000000c,The Nilgiris,25.61499382999413,2018,"{""type"":""MultiPoint"",""coordinates"":[]}"
1_1_1_1_1_2_0000000000000000000d,Namakkal,10.730088516472541,2018,"{""type"":""MultiPoint"",""coordinates"":[]}"
1_1_1_1_1_2_0000000000000000000e,Perambalur,9.117000009249061,2018,"{""type"":""MultiPoint"",""coordinates"":[]}"
1_1_1_1_1_2_0000000000000000000f,Ramanathapuram,10.627834730988932,2018,"{""type"":""MultiPoint"",""coordinates"":[]}"
1_1_1_1_1_2_00000000000000000011,Salem,13.180011618545471,2018,"{""type"":""MultiPoint"",""coordinates"":[]}"
1_1_1_1_1_2_00000000000000000012,Sivaganga,9.449779439244816,2018,"{""type"":""MultiPoint"",""coordinates"":[]}"
1_1_1_1_1_2_00000000000000000013,Theni,18.73459933614405,2018,"{""type"":""MultiPoint"",""coordinates"":[]}"
1_1_1_1_1_2_00000000000000000015,Thiruvarur,13.705560708106882,2018,"{""type"":""MultiPoint"",""coordinates"":[]}"
1_1_1_1_1_2_00000000000000000016,Tiruchirappalli,9.86064703623138,2018,"{""type"":""MultiPoint"",""coordinates"":[]}"
1_1_1_1_1_2_00000000000000000017,Tirunelveli,18.810220339192856,2018,"{""type"":""MultiPoint"",""coordinates"":[]}"
1_1_1_1_1_2_00000000000000000018,Tiruppur,11.257160454771125,2018,"{""type"":""MultiPoint"",""coordinates"":[]}"
1_1_1_1_1_2_0000000000000000001a,Thiruvallur,10.25796190133352,2018,"{""type"":""MultiPoint"",""coordinates"":[]}"
1_1_1_1_1_2_0000000000000000001b,Tiruvannamalai,11.291572274702338,2018,"{""type"":""MultiPoint"",""coordinates"":[]}"
1_1_1_1_1_2_0000000000000000001d,Vellore,12.424884265822355,2018,"{""type"":""MultiPoint"",""coordinates"":[]}"
1_1_1_1_1_2_0000000000000000001f,Virudhunagar,11.369328769134802,2018,"{""type"":""MultiPoint"",""coordinates"":[]}"
1_1_1_1_1_2_00000000000000000020,Krishnagiri,11.625473367039096,2018,"{""type"":""MultiPoint"",""coordinates"":[]}"
1_1_1_1_1_2_00000000000000000021,Nagapattinam,14.994973764624987,2018,"{""type"":""MultiPoint"",""coordinates"":[]}"
1_1_1_1_1_2_00000000000000000024,Thanjavur,12.738424591120037,2018,"{""type"":""MultiPoint"",""coordinates"":[]}"
1_1_1_1_1_2_00000000000000000025,Pudukkottai,9.774093132423733,2018,"{""type"":""MultiPoint"",""coordinates"":[]}"
1_1_1_1_1_2_00000000000000000001,Chengalpattu,11.831674505486145,2018,"{""type"":""MultiPoint"",""coordinates"":[]}"
1_1_1_1_1_2_00000000000000000010,Ranipet,9.2789625260556,2018,"{""type"":""MultiPoint"",""coordinates"":[]}"
1_1_1_1_1_2_00000000000000000014,Tenkasi,16.82036963479001,2018,"{""type"":""MultiPoint"",""coordinates"":[]}"
1_1_1_1_1_2_00000000000000000022,Mayiladuthurai,14.811350250987768,2018,"{""type"":""MultiPoint"",""coordinates"":[]}"
1_1_1_1_1_2_0000000000000000001c,Tuticorin,11.64485614953174,2018,"{""type"":""MultiPoint"",""coordinates"":[]}"
1_1_1_1_1_2_0000000000000000001e,Villupuram,10.477926381425696,2018,"{""type"":""MultiPoint"",""coordinates"":[]}"
1_1_1_1_1_2_00000000000000000023,Kanchipuram,10.351098308327611,2018,"{""type"":""MultiPoint"",""coordinates"":[]}"
1_1_1_1_1_2_00000000000000000008,Kallakurichi,10.792192857395062,2018,"{""type"":""MultiPoint"",""coordinates"":[]}"
1_1_1_1_1_2_00000000000000000019,Tirupathur,13.450557575146664,2018,"{""type"":""MultiPoint"",""coordinates"":[]}"
1_1_1_1_2_00000000000000000000,Ariyalur,11.145500027713975,2019,"{""type"":""MultiPoint"",""coordinates"":[]}"
1_1_1_1_2_00000000000000000002,Chennai,11.20375348434848,2019,"{""type"":""MultiPoint"",""coordinates"":[]}"
1_1_1_1_2_00000000000000000003,Coimbatore,17.960355250279324,2019,"{""type"":""MultiPoint"",""coordinates"":[]}"
1_1_1_1_2_00000000000000000004,Cuddalore,11.949799803961122,2019,"{""type"":""MultiPoint"",""coordinates"":[]}"
1_1_1_1_2_00000000000000000005,Dharmapuri,12.091125667179744,2019,"{""type"":""MultiPoint"",""coordinates"":[]}"
1_1_1_1_2_00000000000000000006,Dindigul,13.909761469958337,2019,"{""type"":""MultiPoint"",""coordinates"":[]}"
1_1_1_1_2_00000000000000000007,Erode,14.25394559712131,2019,"{""type"":""MultiPoint"",""coordinates"":[]}"
1_1_1_1_2_00000000000000000009,Kanniyakumari,26.68133704048528,2019,"{""type"":""MultiPoint"",""coordinates"":[]}"
1_1_1_1_2_0000000000000000000a,Karur,9.049338504062959,2019,"{""type"":""MultiPoint"",""coordinates"":[]}"
1_1_1_1_2_0000000000000000000b,Madurai,10.875876776207013,2019,"{""type"":""MultiPoint"",""coordinates"":[]}"
1_1_1_1_2_0000000000000000000c,The Nilgiris,25.34843259063147,2019,"{""type"":""MultiPoint"",""coordinates"":[]}"
1_1_1_1_2_0000000000000000000d,Namakkal,10.95679815332596,2019,"{""type"":""MultiPoint"",""coordinates"":[]}"
1_1_1_1_2_0000000000000000000e,Perambalur,9.393352794501858,2019,"{""type"":""MultiPoint"",""coordinates"":[]}"
1_1_1_1_2_0000000000000000000f,Ramanathapuram,10.529170108839022,2019,"{""type"":""MultiPoint"",""coordinates"":[]}"
1_1_1_1_2_00000000000000000011,Salem,12.955567394678313,2019,"{""type"":""MultiPoint"",""coordinates"":[]}"
1_1_1_1_2_00000000000000000012,Sivaganga,9.661894949659597,2019,"{""type"":""MultiPoint"",""coordinates"":[]}"
1_1_1_1_2_00000000000000000013,Theni,16.257015822305906,2019,"{""type"":""MultiPoint"",""coordinates"":[]}"
1_1_1_1_2_00000000000000000015,Thiruvarur,13.550005243109252,2019,"{""type"":""MultiPoint"",""coordinates"":[]}"
1_1_1_1_2_00000000000000000016,Tiruchirappalli,10.127494996647897,2019,"{""type"":""MultiPoint"",""coordinates"":[]}"
1_1_1_1_2_00000000000000000017,Tirunelveli,17.345760442787512,2019,"{""type"":""MultiPoint"",""coordinates"":[]}"
1_1_1_1_2_00000000000000000018,Tiruppur,10.932293780333385,2019,"{""type"":""MultiPoint"",""coordinates"":[]}"
1_1_1_1_2_0000000000000000001a,Thiruvallur,11.280656878131877,2019,"{""type"":""MultiPoint"",""coordinates"":[]}"
1_1_1_1_2_0000000000000000001b,Tiruvannamalai,11.321556153710448,2019,"{""type"":""MultiPoint"",""coordinates"":[]}"
1_1_1_1_2_0000000000000000001d,Vellore,13.023505517611223,2019,"{""type"":""MultiPoint"",""coordinates"":[]}"
1_1_1_1_2_0000000000000000001f,Virudhunagar,10.049405826139997,2019,"{""type"":""MultiPoint"",""coordinates"":[]}"
1_1_1_1_2_00000000000000000020,Krishnagiri,12.088239686185327,2019,"{""type"":""MultiPoint"",""coordinates"":[]}"
1_1_1_1_2_00000000000000000021,Nagapattinam,14.8947223142907,2019,"{""type"":""MultiPoint"",""coordinates"":[]}"
1_1_1_1_2_00000000000000000024,Thanjavur,12.771270484629026,2019,"{""type"":""MultiPoint"",""coordinates"":[]}"
1_1_1_1_2_00000000000000000025,Pudukkottai,10.36094079525024,2019,"{""type"":""MultiPoint"",""coordinates"":[]}"
1_1_1_1_2_00000000000000000001,Chengalpattu,12.311603449878165,2019,"{""type"":""MultiPoint"",""coordinates"":[]}"
1_1_1_1_2_00000000000000000010,Ranipet,10.014294162846452,2019,"{""type"":""MultiPoint"",""coordinates"":[]}"
1_1_1_1_2_00000000000000000014,Tenkasi,14.414233934759592,2019,"{""type"":""MultiPoint"",""coordinates"":[]}"
1_1_1_1_2_00000000000000000022,Mayiladuthurai,15.078608656953476,2019,"{""type"":""MultiPoint"",""coordinates"":[]}"
1_1_1_1_2_0000000000000000001c,Tuticorin,10.617802457821634,2019,"{""type"":""MultiPoint"",""coordinates"":[]}"
1_1_1_1_2_0000000000000000001e,Villupuram,11.146016300801264,2019,"{""type"":""MultiPoint"",""coordinates"":[]}"
1_1_1_1_2_00000000000000000023,Kanchipuram,10.829305567171597,2019,"{""type"":""MultiPoint"",""coordinates"":[]}"
1_1_1_1_2_00000000000000000008,Kallakurichi,11.242333221600555,2019,"{""type"":""MultiPoint"",""coordinates"":[]}"
1_1_1_1_2_00000000000000000019,Tirupathur,12.917766712407264,2019,"{""type"":""MultiPoint"",""coordinates"":[]}"
1_1_1_2_00000000000000000000,Ariyalur,13.674199164702596,2020,"{""type"":""MultiPoint"",""coordinates"":[]}"
1_1_1_2_00000000000000000002,Chennai,13.43305697440229,2020,"{""type"":""MultiPoint"",""coordinates"":[]}"
1_1_1_2_00000000000000000003,Coimbatore,21.000546086042657,2020,"{""type"":""MultiPoint"",""coordinates"":[]}"
1_1_1_2_00000000000000000004,Cuddalore,14.207420846720282,2020,"{""type"":""MultiPoint"",""coordinates"":[]}"
1_1_1_2_00000000000000000005,Dharmapuri,16.483602422713773,2020,"{""type"":""MultiPoint"",""coordinates"":[]}"
1_1_1_2_00000000000000000006,Dindigul,17.00987762618915,2020,"{""type"":""MultiPoint"",""coordinates"":[]}"
1_1_1_2_00000000000000000007,Erode,18.273939775822775,2020,"{""type"":""MultiPoint"",""coordinates"":[]}"
1_1_1_2_00000000000000000009,Kanniyakumari,29.335282928266405,2020,"{""type"":""MultiPoint"",""coordinates"":[]}"
1_1_1_2_0000000000000000000a,Karur,12.023976342760996,2020,"{""type"":""MultiPoint"",""coordinates"":[]}"
1_1_1_2_0000000000000000000b,Madurai,13.741675766520956,2020,"{""type"":""MultiPoint"",""coordinates"":[]}"
1_1_1_2_0000000000000000000c,The Nilgiris,27.809722347667282,2020,"{""type"":""MultiPoint"",""coordinates"":[]}"
1_1_1_2_0000000000000000000d,Namakkal,14.481297497428613,2020,"{""type"":""MultiPoint"",""coordinates"":[]}"
1_1_1_2_0000000000000000000e,Perambalur,13.128778673632477,2020,"{""type"":""MultiPoint"",""coordinates"":[]}"
1_1_1_2_0000000000000000000f,Ramanathapuram,11.724739183706559,2020,"{""type"":""MultiPoint"",""coordinates"":[]}"
1_1_1_2_00000000000000000011,Salem,17.434256623481573,2020,"{""type"":""MultiPoint"",""coordinates"":[]}"
1_1_1_2_00000000000000000012,Sivaganga,11.978624784971759,2020,"{""type"":""MultiPoint"",""coordinates"":[]}"
1_1_1_2_00000000000000000013,Theni,19.684130772147164,2020,"{""type"":""MultiPoint"",""coordinates"":[]}"
1_1_1_2_00000000000000000015,Thiruvarur,15.947892000329677,2020,"{""type"":""MultiPoint"",""coordinates"":[]}"
1_1_1_2_00000000000000000016,Tiruchirappalli,13.499378758262582,2020,"{""type"":""MultiPoint"",""coordinates"":[]}"
1_1_1_2_00000000000000000017,Tirunelveli,19.82461925116185,2020,"{""type"":""MultiPoint"",""coordinates"":[]}"
1_1_1_2_00000000000000000018,Tiruppur,14.535098187056121,2020,"{""type"":""MultiPoint"",""coordinates"":[]}"
1_1_1_2_0000000000000000001a,Thiruvallur,14.086907242775915,2020,"{""type"":""MultiPoint"",""coordinates"":[]}"
1_1_1_2_0000000000000000001b,Tiruvannamalai,14.709123047584004,2020,"{""type"":""MultiPoint"",""coordinates"":[]}"
1_1_1_2_0000000000000000001d,Vellore,16.02100999758562,2020,"{""type"":""MultiPoint"",""coordinates"":[]}"
1_1_1_2_0000000000000000001f,Virudhunagar,12.148515739077247,2020,"{""type"":""MultiPoint"",""coordinates"":[]}"
1_1_1_2_00000000000000000020,Krishnagiri,16.367305292694518,2020,"{""type"":""MultiPoint"",""coordinates"":[]}"
1_1_1_2_00000000000000000021,Nagapattinam,16.84593868657348,2020,"{""type"":""MultiPoint"",""coordinates"":[]}"
1_1_1_2_00000000000000000024,Thanjavur,15.49268781519139,2020,"{""type"":""MultiPoint"",""coordinates"":[]}"
1_1_1_2_00000000000000000025,Pudukkottai,12.926204492702627,2020,"{""type"":""MultiPoint"",""coordinates"":[]}"
1_1_1_2_00000000000000000001,Chengalpattu,14.62718612423049,2020,"{""type"":""MultiPoint"",""coordinates"":[]}"
1_1_1_2_00000000000000000010,Ranipet,12.934409683908896,2020,"{""type"":""MultiPoint"",""coordinates"":[]}"
1_1_1_2_00000000000000000014,Tenkasi,16.62697323945147,2020,"{""type"":""MultiPoint"",""coordinates"":[]}"
1_1_1_2_00000000000000000022,Mayiladuthurai,17.014473330172297,2020,"{""type"":""MultiPoint"",""coordinates"":[]}"
1_1_1_2_0000000000000000001c,Tuticorin,11.828269919106017,2020,"{""type"":""MultiPoint"",""coordinates"":[]}"
1_1_1_2_0000000000000000001e,Villupuram,13.29946122265339,2020,"{""type"":""MultiPoint"",""coordinates"":[]}"
1_1_1_2_00000000000000000023,Kanchipuram,13.662858446471978,2020,"{""type"":""MultiPoint"",""coordinates"":[]}"
1_1_1_2_00000000000000000008,Kallakurichi,14.497046738023554,2020,"{""type"":""MultiPoint"",""coordinates"":[]}"
1_1_1_2_00000000000000000019,Tirupathur,17.04246074128037,2020,"{""type"":""MultiPoint"",""coordinates"":[]}"
1_1_2_00000000000000000000,Ariyalur,13.619283687813518,2021,"{""type"":""MultiPoint"",""coordinates"":[]}"
1_1_2_00000000000000000002,Chennai,14.742903817648635,2021,"{""type"":""MultiPoint"",""coordinates"":[]}"
1_1_2_00000000000000000003,Coimbatore,20.663362834543367,2021,"{""type"":""MultiPoint"",""coordinates"":[]}"
1_1_2_00000000000000000004,Cuddalore,14.449815268700183,2021,"{""type"":""MultiPoint"",""coordinates"":[]}"
1_1_2_00000000000000000005,Dharmapuri,16.666736300848104,2021,"{""type"":""MultiPoint"",""coordinates"":[]}"
1_1_2_00000000000000000006,Dindigul,17.162255398392084,2021,"{""type"":""MultiPoint"",""coordinates"":[]}"
1_1_2_00000000000000000007,Erode,16.786244109560837,2021,"{""type"":""MultiPoint"",""coordinates"":[]}"
1_1_2_00000000000000000009,Kanniyakumari,28.530749387806065,2021,"{""type"":""MultiPoint"",""coordinates"":[]}"
1_1_2_0000000000000000000a,Karur,11.659471281974035,2021,"{""type"":""MultiPoint"",""coordinates"":[]}"
1_1_2_0000000000000000000b,Madurai,14.902674249776135,2021,"{""type"":""MultiPoint"",""coordinates"":[]}"
1_1_2_0000000000000000000c,The Nilgiris,26.349597175586375,2021,"{""type"":""MultiPoint"",""coordinates"":[]}"
1_1_2_0000000000000000000d,Namakkal,13.761824283633842,2021,"{""type"":""MultiPoint"",""coordinates"":[]}"
1_1_2_0000000000000000000e,Perambalur,12.432168628947602,2021,"{""type"":""MultiPoint"",""coordinates"":[]}"
1_1_2_0000000000000000000f,Ramanathapuram,14.743253299249535,2021,"{""type"":""MultiPoint"",""coordinates"":[]}"
1_1_2_00000000000000000011,Salem,16.74223107155657,2021,"{""type"":""MultiPoint"",""coordinates"":[]}"
1_1_2_00000000000000000012,Sivaganga,13.363654420318174,2021,"{""type"":""MultiPoint"",""coordinates"":[]}"
1_1_2_00000000000000000013,Theni,20.12856456076446,2021,"{""type"":""MultiPoint"",""coordinates"":[]}"
1_1_2_00000000000000000015,Thiruvarur,16.097617164215833,2021,"{""type"":""MultiPoint"",""coordinates"":[]}"
1_1_2_00000000000000000016,Tiruchirappalli,13.19870354956062,2021,"{""type"":""MultiPoint"",""coordinates"":[]}"
1_1_2_00000000000000000017,Tirunelveli,21.735479899158133,2021,"{""type"":""MultiPoint"",""coordinates"":[]}"
1_1_2_00000000000000000018,Tiruppur,13.919628703319598,2021,"{""type"":""MultiPoint"",""coordinates"":[]}"
1_1_2_0000000000000000001a,Thiruvallur,15.11664290723856,2021,"{""type"":""MultiPoint"",""coordinates"":[]}"
1_1_2_0000000000000000001b,Tiruvannamalai,15.958535576400077,2021,"{""type"":""MultiPoint"",""coordinates"":[]}"
1_1_2_0000000000000000001d,Vellore,17.752285083112984,2021,"{""type"":""MultiPoint"",""coordinates"":[]}"
1_1_2_0000000000000000001f,Virudhunagar,14.418657678200178,2021,"{""type"":""MultiPoint"",""coordinates"":[]}"
1_1_2_00000000000000000020,Krishnagiri,16.329239863995127,2021,"{""type"":""MultiPoint"",""coordinates"":[]}"
1_1_2_00000000000000000021,Nagapattinam,17.348098121780676,2021,"{""type"":""MultiPoint"",""coordinates"":[]}"
1_1_2_00000000000000000024,Thanjavur,15.481937497355267,2021,"{""type"":""MultiPoint"",""coordinates"":[]}"
1_1_2_00000000000000000025,Pudukkottai,13.578811874736706,2021,"{""type"":""MultiPoint"",""coordinates"":[]}"
1_1_2_00000000000000000001,Chengalpattu,15.964333914953965,2021,"{""type"":""MultiPoint"",""coordinates"":[]}"
1_1_2_00000000000000000010,Ranipet,14.30819948267278,2021,"{""type"":""MultiPoint"",""coordinates"":[]}"
1_1_2_00000000000000000014,Tenkasi,19.416001262606436,2021,"{""type"":""MultiPoint"",""coordinates"":[]}"
1_1_2_00000000000000000022,Mayiladuthurai,17.212035343951424,2021,"{""type"":""MultiPoint"",""coordinates"":[]}"
1_1_2_0000000000000000001c,Tuticorin,15.454131623708422,2021,"{""type"":""MultiPoint"",""coordinates"":[]}"
1_1_2_0000000000000000001e,Villupuram,14.564164998025438,2021,"{""type"":""MultiPoint"",""coordinates"":[]}"
1_1_2_00000000000000000023,Kanchipuram,14.956350393281388,2021,"{""type"":""MultiPoint"",""coordinates"":[]}"
1_1_2_00000000000000000008,Kallakurichi,15.048813050194648,2021,"{""type"":""MultiPoint"",""coordinates"":[]}"
1_1_2_00000000000000000019,Tirupathur,18.6843420766333,2021,"{""type"":""MultiPoint"",""coordinates"":[]}"
1_2_00000000000000000000,Ariyalur,14.364693358445201,2022,"{""type"":""MultiPoint"",""coordinates"":[]}"
1_2_00000000000000000002,Chennai,13.606619039508674,2022,"{""type"":""MultiPoint"",""coordinates"":[]}"
1_2_00000000000000000003,Coimbatore,21.150252692155128,2022,"{""type"":""MultiPoint"",""coordinates"":[]}"
1_2_00000000000000000004,Cuddalore,14.91474937768444,2022,"{""type"":""MultiPoint"",""coordinates"":[]}"
1_2_00000000000000000005,Dharmapuri,17.978665782837613,2022,"{""type"":""MultiPoint"",""coordinates"":[]}"
1_2_00000000000000000006,Dindigul,18.29518757189904,2022,"{""type"":""MultiPoint"",""coordinates"":[]}"
1_2_00000000000000000007,Erode,18.761688675300938,2022,"{""type"":""MultiPoint"",""coordinates"":[]}"
1_2_00000000000000000009,Kanniyakumari,28.504572458062892,2022,"{""type"":""MultiPoint"",""coordinates"":[]}"
1_2_0000000000000000000a,Karur,13.18665307898002,2022,"{""type"":""MultiPoint"",""coordinates"":[]}"
1_2_0000000000000000000b,Madurai,14.998160592577044,2022,"{""type"":""MultiPoint"",""coordinates"":[]}"
1_2_0000000000000000000c,The Nilgiris,27.19061909876821,2022,"{""type"":""MultiPoint"",""coordinates"":[]}"
1_2_0000000000000000000d,Namakkal,15.58170967307386,2022,"{""type"":""MultiPoint"",""coordinates"":[]}"
1_2_0000000000000000000e,Perambalur,13.820490324105698,2022,"{""type"":""MultiPoint"",""coordinates"":[]}"
1_2_0000000000000000000f,Ramanathapuram,13.888783822835123,2022,"{""type"":""MultiPoint"",""coordinates"":[]}"
1_2_00000000000000000011,Salem,18.54894025512127,2022,"{""type"":""MultiPoint"",""coordinates"":[]}"
1_2_00000000000000000012,Sivaganga,13.564797235059935,2022,"{""type"":""MultiPoint"",""coordinates"":[]}"
1_2_00000000000000000013,Theni,20.302187448401046,2022,"{""type"":""MultiPoint"",""coordinates"":[]}"
1_2_00000000000000000015,Thiruvarur,16.788998626211615,2022,"{""type"":""MultiPoint"",""coordinates"":[]}"
1_2_00000000000000000016,Tiruchirappalli,14.72862513648044,2022,"{""type"":""MultiPoint"",""coordinates"":[]}"
1_2_00000000000000000017,Tirunelveli,20.712942901607455,2022,"{""type"":""MultiPoint"",""coordinates"":[]}"
1_2_00000000000000000018,Tiruppur,15.5223922391097,2022,"{""type"":""MultiPoint"",""coordinates"":[]}"
1_2_0000000000000000001a,Thiruvallur,14.209094041443388,2022,"{""type"":""MultiPoint"",""coordinates"":[]}"
1_2_0000000000000000001b,Tiruvannamalai,15.772981096376888,2022,"{""type"":""MultiPoint"",""coordinates"":[]}"
1_2_0000000000000000001d,Vellore,17.2661808267538,2022,"{""type"":""MultiPoint"",""coordinates"":[]}"
1_2_0000000000000000001f,Virudhunagar,13.87845312253314,2022,"{""type"":""MultiPoint"",""coordinates"":[]}"
1_2_00000000000000000020,Krishnagiri,17.41854232938405,2022,"{""type"":""MultiPoint"",""coordinates"":[]}"
1_2_00000000000000000021,Nagapattinam,17.976134597509933,2022,"{""type"":""MultiPoint"",""coordinates"":[]}"
1_2_00000000000000000024,Thanjavur,16.15192112590417,2022,"{""type"":""MultiPoint"",""coordinates"":[]}"
1_2_00000000000000000025,Pudukkottai,14.205304300422933,2022,"{""type"":""MultiPoint"",""coordinates"":[]}"
1_2_00000000000000000001,Chengalpattu,15.654230353739973,2022,"{""type"":""MultiPoint"",""coordinates"":[]}"
1_2_00000000000000000010,Ranipet,13.531916523631018,2022,"{""type"":""MultiPoint"",""coordinates"":[]}"
1_2_00000000000000000014,Tenkasi,18.71060173736603,2022,"{""type"":""MultiPoint"",""coordinates"":[]}"
1_2_00000000000000000022,Mayiladuthurai,17.667638269195233,2022,"{""type"":""MultiPoint"",""coordinates"":[]}"
1_2_0000000000000000001c,Tuticorin,13.588913811430462,2022,"{""type"":""MultiPoint"",""coordinates"":[]}"
1_2_0000000000000000001e,Villupuram,14.506417973393342,2022,"{""type"":""MultiPoint"",""coordinates"":[]}"
1_2_00000000000000000023,Kanchipuram,14.420791855193297,2022,"{""type"":""MultiPoint"",""coordinates"":[]}"
1_2_00000000000000000008,Kallakurichi,15.609039432060994,2022,"{""type"":""MultiPoint"",""coordinates"":[]}"
1_2_00000000000000000019,Tirupathur,18.75380972652075,2022,"{""type"":""MultiPoint"",""coordinates"":[]}"
2_00000000000000000000,Ariyalur,12.859482262867914,2023,"{""type"":""MultiPoint"",""coordinates"":[]}"
2_00000000000000000002,Chennai,12.33556337256264,2023,"{""type"":""MultiPoint"",""coordinates"":[]}"
2_00000000000000000003,Coimbatore,18.896465129906137,2023,"{""type"":""MultiPoint"",""coordinates"":[]}"
2_00000000000000000004,Cuddalore,13.670909718918228,2023,"{""type"":""MultiPoint"",""coordinates"":[]}"
2_00000000000000000005,Dharmapuri,15.497240258748484,2023,"{""type"":""MultiPoint"",""coordinates"":[]}"
2_00000000000000000006,Dindigul,16.269176465048197,2023,"{""type"":""MultiPoint"",""coordinates"":[]}"
2_00000000000000000007,Erode,15.308194264566213,2023,"{""type"":""MultiPoint"",""coordinates"":[]}"
2_00000000000000000009,Kanniyakumari,26.599878208868475,2023,"{""type"":""MultiPoint"",""coordinates"":[]}"
2_0000000000000000000a,Karur,10.049748130556377,2023,"{""type"":""MultiPoint"",""coordinates"":[]}"
2_0000000000000000000b,Madurai,13.24580771331247,2023,"{""type"":""MultiPoint"",""coordinates"":[]}"
2_0000000000000000000c,The Nilgiris,26.919887890115913,2023,"{""type"":""MultiPoint"",""coordinates"":[]}"
2_0000000000000000000d,Namakkal,12.746538237077692,2023,"{""type"":""MultiPoint"",""coordinates"":[]}"
2_0000000000000000000e,Perambalur,11.618675576936914,2023,"{""type"":""MultiPoint"",""coordinates"":[]}"
2_0000000000000000000f,Ramanathapuram,11.787829440394942,2023,"{""type"":""MultiPoint"",""coordinates"":[]}"
2_00000000000000000011,Salem,15.95065161450103,2023,"{""type"":""MultiPoint"",""coordinates"":[]}"
2_00000000000000000012,Sivaganga,11.872617706701057,2023,"{""type"":""MultiPoint"",""coordinates"":[]}"
2_00000000000000000013,Theni,18.446140403059324,2023,"{""type"":""MultiPoint"",""coordinates"":[]}"
2_00000000000000000015,Thiruvarur,15.430859261134982,2023,"{""type"":""MultiPoint"",""coordinates"":[]}"
2_00000000000000000016,Tiruchirappalli,12.401582032337346,2023,"{""type"":""MultiPoint"",""coordinates"":[]}"
2_00000000000000000017,Tirunelveli,16.84407391245677,2023,"{""type"":""MultiPoint"",""coordinates"":[]}"
2_00000000000000000018,Tiruppur,11.400888984197097,2023,"{""type"":""MultiPoint"",""coordinates"":[]}"
2_0000000000000000001a,Thiruvallur,12.980660319685699,2023,"{""type"":""MultiPoint"",""coordinates"":[]}"
2_0000000000000000001b,Tiruvannamalai,14.501992017132237,2023,"{""type"":""MultiPoint"",""coordinates"":[]}"
2_0000000000000000001d,Vellore,15.74926344169016,2023,"{""type"":""MultiPoint"",""coordinates"":[]}"
2_0000000000000000001f,Virudhunagar,11.54321372463117,2023,"{""type"":""MultiPoint"",""coordinates"":[]}"
2_00000000000000000020,Krishnagiri,14.78876214434125,2023,"{""type"":""MultiPoint"",""coordinates"":[]}"
2_00000000000000000021,Nagapattinam,16.417120742730646,2023,"{""type"":""MultiPoint"",""coordinates"":[]}"
2_00000000000000000024,Thanjavur,15.025309988094659,2023,"{""type"":""MultiPoint"",""coordinates"":[]}"
2_00000000000000000025,Pudukkottai,12.269110391100876,2023,"{""type"":""MultiPoint"",""coordinates"":[]}"
2_00000000000000000001,Chengalpattu,14.92115315271589,2023,"{""type"":""MultiPoint"",""coordinates"":[]}"
2_00000000000000000010,Ranipet,12.16275894872738,2023,"{""type"":""MultiPoint"",""coordinates"":[]}"
2_00000000000000000014,Tenkasi,14.430563912190127,2023,"{""type"":""MultiPoint"",""coordinates"":[]}"
2_00000000000000000022,Mayiladuthurai,16.77221505538874,2023,"{""type"":""MultiPoint"",""coordinates"":[]}"
2_0000000000000000001c,Tuticorin,10.675095848911313,2023,"{""type"":""MultiPoint"",""coordinates"":[]}"
2_0000000000000000001e,Villupuram,13.476793744333776,2023,"{""type"":""MultiPoint"",""coordinates"":[]}"
2_00000000000000000023,Kanchipuram,13.245835089605238,2023,"{""type"":""MultiPoint"",""coordinates"":[]}"
2_00000000000000000008,Kallakurichi,14.174380652361208,2023,"{""type"":""MultiPoint"",""coordinates"":[]}"
2_00000000000000000019,Tirupathur,17.21972292890839,2023,"{""type"":""MultiPoint"",""coordinates"":[]}"
